trade_date,pe,pe_ttm,pb,ps,ps_ttm,dv_ratio,dv_ttm,total_mv
2019-07-22,38.121,37.5153,3.257,3.2474,3.1667,,,12993707.913
2019-07-23,31.0995,30.6054,2.8577,2.6493,2.5834,,,10600408.819
2019-07-24,31.6898,31.1863,2.9119,2.6996,2.6325,,,10801615.38
2019-07-25,32.9636,32.4399,3.029,2.8081,2.7383,,,11235797.959
2019-07-26,31.0995,30.6054,2.8577,2.6493,2.5834,,,10600408.819
2019-07-29,31.9384,31.4309,2.9348,2.7207,2.6531,,,10886333.932
2019-07-30,31.783,31.278,2.9205,2.7075,2.6402,,,10833384.837
2019-07-31,32.0937,31.5838,2.9491,2.734,2.666,,,10939283.027
2019-08-01,32.8704,32.3482,3.0204,2.8001,2.7305,,,11204028.502
2019-08-02,37.6549,37.0567,3.4601,3.2077,3.128,,,12834860.628
2019-08-05,39.022,38.402,3.5857,3.3242,3.2415,,,13300812.664
2019-08-06,37.3753,36.7815,3.4344,3.1839,3.1048,,,12739552.257
2019-08-07,36.754,36.17,3.3773,3.131,3.0531,,,12527755.877
2019-08-08,34.8588,34.305,3.2031,2.9695,2.8957,,,11881776.918
2019-08-09,34.051,33.51,3.1289,2.9007,2.8286,,,11606441.624
2019-08-12,32.7772,32.2564,3.0119,2.7922,2.7228,,,11172259.045
2019-08-13,33.3986,32.8679,3.069,2.8451,2.7744,,,11384055.425
2019-08-14,33.15,32.6233,3.0461,2.8239,2.7538,,,11299336.873
2019-08-15,32.8704,32.3482,3.0204,2.8001,2.7305,,,11204028.502
2019-08-16,32.8393,32.3176,3.0176,2.7975,2.728,,,11193438.683
2019-08-19,32.9636,32.4399,3.029,2.8081,2.7383,,,11235797.959
2019-08-20,32.7151,32.1953,3.0062,2.7869,2.7176,,,11151079.407
2019-08-21,31.5345,31.0334,2.8977,2.6863,2.6196,,,10748666.285
2019-08-22,31.4102,30.9111,2.8863,2.6757,2.6092,,,10706307.009
2019-08-23,30.3539,29.8716,2.7892,2.5857,2.5215,,,10346253.163
2019-08-26,30.5092,30.0245,2.8035,2.599,2.5344,,,10399202.258
2019-08-27,30.7578,28.3932,2.8396,2.6202,2.5191,,,10483920.81
2019-08-28,30.4471,28.1064,2.8109,2.5937,2.4937,,,10378022.62
2019-08-29,29.8878,27.5901,2.7593,2.546,2.4479,,,10187405.878
2019-08-30,29.4529,27.1886,2.7191,2.509,2.4123,,,10039148.412
2019-09-02,29.7636,27.4754,2.7478,2.5355,2.4377,,,10145046.602
2019-09-03,31.3481,28.9381,2.8941,2.6704,2.5675,,,10685127.371
2019-09-04,30.9131,28.5366,2.8539,2.6334,2.5319,,,10536869.905
2019-09-05,31.1616,28.766,2.8769,2.6546,2.5522,,,10621588.457
2019-09-06,30.8199,28.4505,2.8453,2.6254,2.5242,,,10505100.448
2019-09-09,30.9131,28.5366,2.8539,2.6334,2.5319,,,10536869.905
2019-09-10,31.0374,28.6513,2.8654,2.644,2.542,,,10579229.181
2019-09-11,30.6956,28.3358,2.8338,2.6149,2.514,,,10462741.172
2019-09-12,30.0432,27.7335,2.7736,2.5593,2.4606,,,10240354.973
2019-09-16,30.0742,27.7622,2.7765,2.5619,2.4632,,,10250944.792
2019-09-17,29.2665,27.0165,2.7019,2.4931,2.397,,,9975609.498
2019-09-18,28.7383,26.529,2.6531,2.4481,2.3537,,,9795582.575
2019-09-19,29.1422,26.9018,2.6904,2.4825,2.3868,,,9933250.222
2019-09-20,29.3907,27.1312,2.7134,2.5037,2.4072,,,10017968.774
2019-09-23,28.8004,26.5863,2.6589,2.4534,2.3588,,,9816762.213
2019-09-24,29.2665,27.0165,2.7019,2.4931,2.397,,,9975609.498
2019-09-25,28.6762,26.4716,2.6474,2.4428,2.3486,,,9774402.937
2019-09-26,27.1849,25.095,2.5097,2.3158,2.2265,,,9266091.625
2019-09-27,27.3713,25.267,2.5269,2.3317,2.2418,,,9329630.539
2019-09-30,26.2839,24.2632,2.4265,2.239,2.1527,,,8958986.874
2019-10-08,25.7868,23.8044,2.3807,2.1967,2.112,,,8789549.77
2019-10-09,25.9421,23.9478,2.395,2.2099,2.1247,,,8842498.865
2019-10-10,26.1907,24.1772,2.4179,2.2311,2.1451,,,8927217.417
2019-10-11,26.0043,24.0051,2.4007,2.2152,2.1298,,,8863678.503
2019-10-14,26.346,24.3206,2.4323,2.2443,2.1578,,,8980166.512
2019-10-15,25.9421,23.9478,2.395,2.2099,2.1247,,,8842498.865
2019-10-16,25.4451,23.4889,2.3491,2.1676,2.084,,,8673061.761
2019-10-17,25.1654,23.2308,2.3233,2.1438,2.0611,,,8577753.39
2019-10-18,25.2586,23.3168,2.3319,2.1517,2.0687,,,8609522.847
2019-10-21,24.5441,22.6572,2.2659,2.0908,2.0102,,,8365957.01
2019-10-22,24.5751,22.6859,2.2688,2.0935,2.0128,,,8376546.829
2019-10-23,25.5383,23.5749,2.3577,2.1755,2.0916,,,8704831.218
2019-10-24,25.1344,23.2021,2.3204,2.1411,2.0586,,,8567163.571
2019-10-25,24.8548,22.944,2.2946,2.1173,2.0357,,,8471855.2
2019-10-28,25.1654,23.2308,2.3233,2.1438,2.0611,,,8577753.39
2019-10-29,24.6062,22.7145,2.2717,2.0961,2.0153,,,8387136.648
2019-10-30,24.2645,21.8794,2.1733,2.067,1.9422,,,8270648.639
2019-10-31,23.6431,21.3191,2.1177,2.0141,1.8924,,,8058852.259
2019-11-01,23.7363,21.4031,2.126,2.022,1.8999,,,8090621.716
2019-11-04,23.8606,21.5152,2.1371,2.0326,1.9098,,,8132980.992
2019-11-05,23.5809,21.263,2.1121,2.0088,1.8874,,,8037672.621
2019-11-06,23.4567,21.151,2.101,1.9982,1.8775,,,7995313.345
2019-11-07,23.4877,21.179,2.1037,2.0008,1.88,,,8005903.164
2019-11-08,23.3324,21.0389,2.0898,1.9876,1.8676,,,7952954.069
2019-11-11,22.1207,19.9463,1.9813,1.8844,1.7706,,,7539951.128
2019-11-12,21.7168,19.5822,1.9451,1.85,1.7382,,,7402283.481
2019-11-13,21.7168,19.5822,1.9451,1.85,1.7382,,,7402283.481
2019-11-14,21.6236,19.4981,1.9368,1.842,1.7308,,,7370514.024
2019-11-15,20.8159,18.7697,1.8644,1.7732,1.6661,,,7095178.73
2019-11-18,20.443,18.4336,1.831,1.7415,1.6363,,,6968100.902
2019-11-19,20.6605,18.6297,1.8505,1.76,1.6537,,,7042229.635
2019-11-20,20.3809,18.3775,1.8255,1.7362,1.6313,,,6946921.264
2019-11-21,19.9459,17.9853,1.7865,1.6991,1.5965,,,6798663.798
2019-11-22,20.0391,18.0694,1.7949,1.7071,1.604,,,6830433.255
2019-11-25,20.0081,18.0414,1.7921,1.7044,1.6015,,,6819843.436
2019-11-26,20.0391,18.0694,1.7949,1.7071,1.604,,,6830433.255
2019-11-27,19.9459,17.9853,1.7865,1.6991,1.5965,,,6798663.798
2019-11-28,19.977,18.0133,1.7893,1.7018,1.599,,,6809253.617
2019-11-29,20.0702,18.0974,1.7976,1.7097,1.6064,,,6841023.074
2019-12-02,19.8838,17.9293,1.7809,1.6938,1.5915,,,6777484.16
2019-12-03,19.511,17.5931,1.7475,1.6621,1.5617,,,6650406.332
2019-12-04,19.511,17.5931,1.7475,1.6621,1.5617,,,6650406.332
2019-12-05,19.542,17.6211,1.7503,1.6647,1.5642,,,6660996.151
2019-12-06,19.6974,17.7612,1.7642,1.678,1.5766,,,6713945.246
2019-12-09,20.7848,18.7417,1.8616,1.7706,1.6636,,,7084588.911
2019-12-10,21.9032,19.7502,1.9618,1.8659,1.7532,,,7465822.395
2019-12-11,21.3129,19.218,1.9089,1.8156,1.7059,,,7264615.834
2019-12-12,21.2508,19.1619,1.9034,1.8103,1.7009,,,7243436.196
2019-12-13,21.2508,19.1619,1.9034,1.8103,1.7009,,,7243436.196
2019-12-16,21.4683,19.358,1.9229,1.8288,1.7183,,,7317564.929
2019-12-17,21.9032,19.7502,1.9618,1.8659,1.7532,,,7465822.395
2019-12-18,22.4314,20.2265,2.0091,1.9109,1.7954,,,7645849.318
2019-12-19,22.1518,19.9744,1.9841,1.887,1.7731,,,7550540.947
2019-12-20,21.8722,19.7222,1.959,1.8632,1.7507,,,7455232.576
2019-12-23,21.0644,18.9939,1.8867,1.7944,1.686,,,7179897.282
2019-12-24,21.4062,19.302,1.9173,1.8235,1.7134,,,7296385.291
2019-12-25,21.5926,19.4701,1.934,1.8394,1.7283,,,7359924.205
2019-12-26,21.6547,19.5261,1.9396,1.8447,1.7333,,,7381103.843
2019-12-27,21.4683,19.358,1.9229,1.8288,1.7183,,,7317564.929
2019-12-30,21.3129,19.218,1.9089,1.8156,1.7059,,,7264615.834
2019-12-31,21.4994,19.3861,1.9256,1.8315,1.7208,,,7328154.748
2020-01-02,21.9032,19.7502,1.9618,1.8659,1.7532,,,7465822.395
2020-01-03,21.8722,19.7222,1.959,1.8632,1.7507,,,7455232.576
2020-01-06,21.779,19.6382,1.9507,1.8553,1.7432,,,7423463.119
2020-01-07,22.1518,19.9744,1.9841,1.887,1.7731,,,7550540.947
2020-01-08,22.0275,19.8623,1.9729,1.8765,1.7631,,,7508181.671
2020-01-09,22.4935,20.2825,2.0147,1.9162,1.8004,,,7667028.956
2020-01-10,22.3071,20.1144,1.998,1.9003,1.7855,,,7603490.042
2020-01-13,22.2761,20.0864,1.9952,1.8976,1.783,,,7592900.223
2020-01-14,22.4625,20.2545,2.0119,1.9135,1.7979,,,7656439.137
2020-01-15,22.0897,19.9183,1.9785,1.8817,1.7681,,,7529361.309
2020-01-16,22.1829,20.0024,1.9869,1.8897,1.7755,,,7561130.766
2020-01-17,23.3635,21.0669,2.0926,1.9903,1.87,,,7963543.888
2020-01-20,23.612,21.291,2.1149,2.0114,1.8899,,,8048262.44
2020-01-21,22.8042,20.5627,2.0425,1.9426,1.8253,,,7772927.146
2020-01-22,22.0586,19.8903,1.9757,1.8791,1.7656,,,7518771.49
2020-01-23,21.0023,18.9378,1.8811,1.7891,1.681,,,7158717.644
2020-02-03,16.8391,15.1839,1.5082,1.4345,1.3478,,,5739681.898
2020-02-04,18.1129,16.3325,1.6223,1.543,1.4498,,,6173864.477
2020-02-05,18.9828,17.1169,1.7002,1.6171,1.5194,,,6470379.409
2020-02-06,19.3556,17.4531,1.7336,1.6488,1.5492,,,6597457.237
2020-02-07,19.3246,17.425,1.7309,1.6462,1.5468,,,6586867.418
2020-02-10,21.7168,19.5822,1.9451,1.85,1.7382,,,7402283.481
2020-02-11,20.7537,18.7137,1.8589,1.7679,1.6611,,,7073999.092
2020-02-12,21.2819,19.19,1.9062,1.8129,1.7034,,,7254026.015
2020-02-13,21.4683,19.358,1.9229,1.8288,1.7183,,,7317564.929
2020-02-14,21.0644,18.9939,1.8867,1.7944,1.686,,,7179897.282
2020-02-17,21.779,19.6382,1.9507,1.8553,1.7432,,,7423463.119
2020-02-18,22.0275,19.8623,1.9729,1.8765,1.7631,,,7508181.671
2020-02-19,21.7479,19.6102,1.9479,1.8526,1.7407,,,7412873.3
2020-02-20,21.779,19.6382,1.9507,1.8553,1.7432,,,7423463.119
2020-02-21,21.6236,19.4981,1.9368,1.842,1.7308,,,7370514.024
2020-02-24,21.1576,19.0779,1.895,1.8023,1.6935,,,7211666.739
2020-02-25,20.7537,18.7137,1.8589,1.7679,1.6611,,,7073999.092
2020-02-26,21.1887,19.1059,1.8978,1.805,1.696,,,7222256.558
2020-02-27,20.8469,18.7978,1.8672,1.7759,1.6686,,,7105768.549
2020-02-28,19.4178,17.5091,1.7392,1.6541,1.5542,,,6618636.875
2020-03-02,21.5615,19.2599,1.7873,1.8368,1.7647,,,7349334.386
2020-03-03,21.6236,19.3154,1.7925,1.842,1.7698,,,7370514.024
2020-03-04,21.6547,19.3431,1.795,1.8447,1.7723,,,7381103.843
2020-03-05,22.4314,20.0369,1.8594,1.9109,1.8359,,,7645849.318
2020-03-06,21.8722,19.5374,1.8131,1.8632,1.7901,,,7455232.576
2020-03-09,21.7168,19.3987,1.8002,1.85,1.7774,,,7402283.481
2020-03-10,22.0897,19.7317,1.8311,1.8817,1.8079,,,7529361.309
2020-03-11,22.2761,19.8982,1.8465,1.8976,1.8232,,,7592900.223
2020-03-12,21.6858,19.3709,1.7976,1.8473,1.7749,,,7391693.662
2020-03-13,21.2819,19.0101,1.7641,1.8129,1.7418,,,7254026.015
2020-03-16,20.5673,18.3718,1.7049,1.7521,1.6833,,,7010460.178
2020-03-17,20.6294,18.4273,1.71,1.7574,1.6884,,,7031639.816
2020-03-18,20.1323,17.9833,1.6688,1.715,1.6477,,,6862202.712
2020-03-19,19.9149,17.789,1.6508,1.6965,1.6299,,,6788073.979
2020-03-20,20.1013,17.9555,1.6663,1.7124,1.6452,,,6851612.893
2020-03-23,18.9517,16.9287,1.571,1.6144,1.5511,,,6459789.59
2020-03-24,19.3556,17.2895,1.6045,1.6488,1.5842,,,6597457.237
2020-03-25,20.0702,17.9278,1.6637,1.7097,1.6426,,,6841023.074
2020-03-26,17.6225,17.6225,1.7549,1.6147,1.6147,,,6724535.065
2020-03-27,17.9278,17.9278,1.7853,1.6426,1.6426,,,6841023.074
2020-03-30,17.456,17.456,1.7383,1.5994,1.5994,,,6660996.151
2020-03-31,17.456,17.456,1.7383,1.5994,1.5994,,,6660996.151
2020-04-01,17.4283,17.4283,1.7355,1.5969,1.5969,,,6650406.332
2020-04-02,17.7335,17.7335,1.7659,1.6248,1.6248,,,6766894.341
2020-04-03,17.456,17.456,1.7383,1.5994,1.5994,,,6660996.151
2020-04-07,17.8445,17.8445,1.777,1.635,1.635,,,6809253.617
2020-04-08,17.7613,17.7613,1.7687,1.6274,1.6274,,,6777484.16
2020-04-09,17.7058,17.7058,1.7631,1.6223,1.6223,,,6756304.522
2020-04-10,17.5115,17.5115,1.7438,1.6045,1.6045,,,6682175.789
2020-04-13,17.2895,17.2895,1.7217,1.5842,1.5842,,,6597457.237
2020-04-14,17.4838,17.4838,1.741,1.602,1.602,,,6671585.97
2020-04-15,17.4283,17.4283,1.7355,1.5969,1.5969,,,6650406.332
2020-04-16,17.4283,17.4283,1.7355,1.5969,1.5969,,,6650406.332
2020-04-17,17.7335,17.7335,1.7659,1.6248,1.6248,,,6766894.341
2020-04-20,17.789,17.789,1.7714,1.6299,1.6299,,,6788073.979
2020-04-21,17.456,17.456,1.7383,1.5994,1.5994,,,6660996.151
2020-04-22,17.4838,17.4838,1.741,1.602,1.602,,,6671585.97
2020-04-23,17.3728,17.3728,1.73,1.5918,1.5918,,,6629226.694
2020-04-24,17.123,17.123,1.7051,1.5689,1.5689,,,6533918.323
2020-04-27,17.0397,17.0397,1.6968,1.5613,1.5613,,,6502148.866
2020-04-28,16.5957,16.5957,1.6526,1.5206,1.5206,,,6332711.762
2020-04-29,16.6512,16.6512,1.6581,1.5257,1.5257,,,6353891.4
2020-04-30,17.0952,17.901,1.6828,1.5664,1.6765,,,6523328.504
2020-05-06,17.8445,18.6856,1.7566,1.635,1.75,,,6809253.617
2020-05-07,17.456,18.2788,1.7183,1.5994,1.7119,,,6660996.151
2020-05-08,17.5948,18.4241,1.732,1.6121,1.7255,,,6713945.246
2020-05-11,17.456,18.2788,1.7183,1.5994,1.7119,,,6660996.151
2020-05-12,17.345,18.1625,1.7074,1.5893,1.701,,,6618636.875
2020-05-13,17.2895,18.1044,1.7019,1.5842,1.6955,,,6597457.237
2020-05-14,17.1507,17.9591,1.6883,1.5715,1.6819,,,6544508.142
2020-05-15,17.234,18.0463,1.6965,1.5791,1.6901,,,6576277.599
2020-05-18,17.123,17.9301,1.6855,1.5689,1.6792,,,6533918.323
2020-05-19,17.2895,18.1044,1.7019,1.5842,1.6955,,,6597457.237
2020-05-20,17.456,18.2788,1.7183,1.5994,1.7119,,,6660996.151
2020-05-21,17.1785,17.9882,1.691,1.574,1.6847,,,6555097.961
2020-05-22,16.8177,17.6104,1.6555,1.5409,1.6493,,,6417430.314
2020-05-25,16.7067,17.4942,1.6445,1.5308,1.6384,,,6375071.038
2020-05-26,17.0397,17.8429,1.6773,1.5613,1.671,,,6502148.866
2020-05-27,16.7622,17.5523,1.65,1.5359,1.6438,,,6396250.676
2020-05-28,16.7622,17.5523,1.65,1.5359,1.6438,,,6396250.676
2020-05-29,16.79,17.5813,1.6527,1.5384,1.6466,,,6406840.495
2020-06-01,17.234,18.0463,1.6965,1.5791,1.6901,,,6576277.599
2020-06-02,17.234,18.0463,1.6965,1.5791,1.6901,,,6576277.599
2020-06-03,17.2062,18.0172,1.6937,1.5765,1.6874,,,6565687.78
2020-06-04,17.3173,18.1335,1.7046,1.5867,1.6983,,,6608047.056
2020-06-05,17.2617,18.0754,1.6992,1.5816,1.6928,,,6586867.418
2020-06-08,17.2617,18.0754,1.6992,1.5816,1.6928,,,6586867.418
2020-06-09,17.1785,17.9882,1.691,1.574,1.6847,,,6555097.961
2020-06-10,17.012,17.8138,1.6746,1.5587,1.6683,,,6491559.047
2020-06-11,17.123,17.9301,1.6855,1.5689,1.6792,,,6533918.323
2020-06-12,16.9565,17.7557,1.6691,1.5537,1.6629,,,6470379.409
2020-06-15,16.8177,17.6104,1.6555,1.5409,1.6493,,,6417430.314
2020-06-16,16.9565,17.7557,1.6691,1.5537,1.6629,,,6470379.409
2020-06-17,16.901,17.6976,1.6637,1.5486,1.6574,,,6449199.771
2020-06-18,16.9287,17.7266,1.6664,1.5511,1.6602,,,6459789.59
2020-06-19,16.9842,17.7848,1.6719,1.5562,1.6656,,,6480969.228
2020-06-22,17.456,18.2788,1.7183,1.5994,1.7119,,,6660996.151
2020-06-23,17.4005,18.2207,1.7128,1.5943,1.7064,,,6639816.513
2020-06-24,17.8168,18.6566,1.7538,1.6325,1.7473,,,6798663.798
2020-06-29,17.6225,18.4531,1.7347,1.6147,1.7282,,,6724535.065
2020-06-30,17.789,18.6275,1.7511,1.6299,1.7445,,,6788073.979
2020-07-01,17.789,18.6275,1.7511,1.6299,1.7445,,,6788073.979
2020-07-02,18.1221,18.9762,1.7839,1.6604,1.7772,,,6915151.807
2020-07-03,17.678,18.5113,1.8407,1.6198,1.7336,,,6745714.703
2020-07-06,19.9259,20.8651,2.0748,1.8257,1.9541,,,7603490.042
2020-07-07,19.8427,20.778,2.0661,1.8181,1.9459,,,7571720.585
2020-07-08,19.8982,20.8361,2.0719,1.8232,1.9514,,,7592900.223
2020-07-09,20.7307,21.7079,2.1586,1.8995,2.033,,,7910594.793
2020-07-10,20.0092,20.9523,2.0835,1.8334,1.9623,,,7635259.499
2020-07-13,20.592,21.5626,2.1441,1.8868,2.0194,,,7857645.698
2020-07-14,20.814,21.7951,2.1673,1.9071,2.0412,,,7942364.25
2020-07-15,19.7594,20.6908,2.0575,1.8105,1.9378,,,7539951.128
2020-07-16,18.5938,19.4702,1.9361,1.7037,1.8235,,,7095178.73
2020-07-17,18.3996,19.2668,1.9159,1.6859,1.8044,,,7021049.997
2020-07-20,18.8991,19.7899,1.9679,1.7316,1.8534,,,7211666.739
2020-07-21,18.8714,19.7608,1.965,1.7291,1.8507,,,7201076.92
2020-07-22,18.4828,19.354,1.9245,1.6935,1.8126,,,7052819.454
2020-07-23,18.2053,19.0634,1.8956,1.6681,1.7854,,,6946921.264
2020-07-24,16.9287,17.7266,1.7627,1.5511,1.6602,,,6459789.59
2020-07-27,17.0397,17.8429,1.7743,1.5613,1.671,,,6502148.866
2020-07-28,17.234,18.0463,1.7945,1.5791,1.6901,,,6576277.599
2020-07-29,17.567,18.395,1.8292,1.6096,1.7228,,,6703355.427
2020-07-30,17.3728,18.1916,1.8089,1.5918,1.7037,,,6629226.694
2020-07-31,17.5115,18.3369,1.8234,1.6045,1.7173,,,6682175.789
2020-08-03,18.0388,18.889,1.8783,1.6528,1.769,,,6883382.35
2020-08-04,17.8168,18.6566,1.8552,1.6325,1.7473,,,6798663.798
2020-08-05,17.8723,18.7147,1.861,1.6376,1.7527,,,6819843.436
2020-08-06,17.7058,18.5403,1.8436,1.6223,1.7364,,,6756304.522
2020-08-07,17.2895,18.1044,1.8003,1.5842,1.6955,,,6597457.237
2020-08-10,17.567,18.395,1.8292,1.6096,1.7228,,,6703355.427
2020-08-11,17.1785,17.9882,1.7887,1.574,1.6847,,,6555097.961
2020-08-12,17.0675,17.8719,1.7772,1.5638,1.6738,,,6512738.685
2020-08-13,17.1785,17.9882,1.7887,1.574,1.6847,,,6555097.961
2020-08-14,17.2617,18.0754,1.7974,1.5816,1.6928,,,6586867.418
2020-08-17,17.456,18.2788,1.8176,1.5994,1.7119,,,6660996.151
2020-08-18,17.4283,18.2497,1.8147,1.5969,1.7091,,,6650406.332
2020-08-19,17.345,18.1625,1.8061,1.5893,1.701,,,6618636.875
2020-08-20,17.123,17.9301,1.7829,1.5689,1.6792,,,6533918.323
2020-08-21,17.2895,18.1044,1.8003,1.5842,1.6955,,,6597457.237
2020-08-24,17.2062,18.0172,1.7916,1.5765,1.6874,,,6565687.78
2020-08-25,17.1785,17.9882,1.7887,1.574,1.6847,,,6555097.961
2020-08-26,16.9842,17.7848,1.7685,1.5562,1.6656,,,6480969.228
2020-08-27,17.1785,17.9882,1.7887,1.574,1.6847,,,6555097.961
2020-08-28,17.2062,18.0172,1.7916,1.5765,1.6874,,,6565687.78
2020-08-31,17.123,19.6633,1.7829,1.5689,1.8274,,,6533918.323
2020-09-01,17.123,19.6633,1.7272,1.5689,1.8274,,,6533918.323
2020-09-02,17.0397,19.5677,1.7188,1.5613,1.8185,,,6502148.866
2020-09-03,16.9842,19.5039,1.7132,1.5562,1.8126,,,6480969.228
2020-09-04,16.8732,19.3764,1.702,1.546,1.8007,,,6438609.952
2020-09-07,16.7622,19.249,1.6908,1.5359,1.7889,,,6396250.676
2020-09-08,17.0397,19.5677,1.7188,1.5613,1.8185,,,6502148.866
2020-09-09,17.5393,20.1413,1.7691,1.607,1.8718,,,6692765.608
2020-09-10,16.9287,19.4402,1.7076,1.5511,1.8067,,,6459789.59
2020-09-11,16.9565,19.472,1.7104,1.5537,1.8096,,,6470379.409
2020-09-14,17.456,20.0457,1.7608,1.5994,1.8629,,,6660996.151
2020-09-15,17.5393,20.1413,1.7691,1.607,1.8718,,,6692765.608
2020-09-16,17.4005,19.9819,1.7552,1.5943,1.857,,,6639816.513
2020-09-17,17.8168,20.46,1.7971,1.6325,1.9014,,,6798663.798
2020-09-18,17.8723,20.5237,1.8027,1.6376,1.9074,,,6819843.436
2020-09-21,17.8723,20.5237,1.8027,1.6376,1.9074,,,6819843.436
2020-09-22,17.567,20.1732,1.7719,1.6096,1.8748,,,6703355.427
2020-09-23,17.9833,20.6512,1.8139,1.6477,1.9192,,,6862202.712
2020-09-24,17.8445,20.4919,1.7999,1.635,1.9044,,,6809253.617
2020-09-25,17.456,20.0457,1.7608,1.5994,1.8629,,,6660996.151
2020-09-28,17.345,19.9182,1.7496,1.5893,1.8511,,,6618636.875
2020-09-29,17.5393,20.1413,1.7691,1.607,1.8718,,,6692765.608
2020-09-30,17.4283,20.0138,1.758,1.5969,1.86,,,6650406.332
2020-10-09,17.7058,20.3325,1.7859,1.6223,1.8896,,,6756304.522
2020-10-12,17.9,20.5556,1.8055,1.6401,1.9103,,,6830433.255
2020-10-13,17.7335,20.3644,1.7887,1.6248,1.8925,,,6766894.341
2020-10-14,17.4005,19.9819,1.7552,1.5943,1.857,,,6639816.513
2020-10-15,17.345,19.9182,1.7496,1.5893,1.8511,,,6618636.875
2020-10-16,17.345,19.9182,1.7496,1.5893,1.8511,,,6618636.875
2020-10-19,17.2617,19.8226,1.7412,1.5816,1.8422,,,6586867.418
2020-10-20,17.3728,19.9501,1.7524,1.5918,1.854,,,6629226.694
2020-10-21,17.1507,19.6951,1.73,1.5715,1.8304,,,6544508.142
2020-10-22,17.0397,19.5677,1.7188,1.5613,1.8185,,,6502148.866
2020-10-23,16.9842,19.5039,1.7132,1.5562,1.8126,,,6480969.228
2020-10-26,17.0675,19.5995,1.7216,1.5638,1.8215,,,6512738.685
2020-10-27,17.123,19.6633,1.7272,1.5689,1.8274,,,6533918.323
2020-10-28,17.0952,19.6314,1.7244,1.5664,1.8244,,,6523328.504
2020-10-29,16.9842,19.5039,1.7132,1.5562,1.8126,,,6480969.228
2020-10-30,16.7067,17.4385,1.6475,1.5308,1.7023,,,6375071.038
2020-11-02,16.4847,17.2068,1.6256,1.5104,1.6797,,,6290352.486
2020-11-03,16.8177,17.5544,1.6585,1.5409,1.7136,,,6417430.314
2020-11-04,16.8177,17.5544,1.6585,1.5409,1.7136,,,6417430.314
2020-11-05,16.9565,17.6992,1.6722,1.5537,1.7277,,,6470379.409
2020-11-06,16.9565,17.6992,1.6722,1.5537,1.7277,,,6470379.409
2020-11-09,17.1507,17.902,1.6913,1.5715,1.7475,,,6544508.142
2020-11-10,17.012,17.7572,1.6776,1.5587,1.7334,,,6491559.047
2020-11-11,16.901,17.6413,1.6667,1.5486,1.7221,,,6449199.771
2020-11-12,16.9287,17.6703,1.6694,1.5511,1.7249,,,6459789.59
2020-11-13,16.901,17.6413,1.6667,1.5486,1.7221,,,6449199.771
2020-11-16,17.0952,17.8441,1.6858,1.5664,1.7419,,,6523328.504
2020-11-17,17.0952,17.8441,1.6858,1.5664,1.7419,,,6523328.504
2020-11-18,17.0675,17.8151,1.6831,1.5638,1.7391,,,6512738.685
2020-11-19,17.0675,17.8151,1.6831,1.5638,1.7391,,,6512738.685
2020-11-20,17.0952,17.8441,1.6858,1.5664,1.7419,,,6523328.504
2020-11-23,17.0952,17.8441,1.6858,1.5664,1.7419,,,6523328.504
2020-11-24,17.0397,17.7862,1.6804,1.5613,1.7362,,,6502148.866
2020-11-25,16.9842,17.7282,1.6749,1.5562,1.7306,,,6480969.228
2020-11-26,16.8732,17.6123,1.6639,1.546,1.7193,,,6438609.952
2020-11-27,16.9287,17.6703,1.6694,1.5511,1.7249,,,6459789.59
2020-11-30,17.123,17.8731,1.6886,1.5689,1.7447,,,6533918.323
2020-12-01,17.1507,17.902,1.6913,1.5715,1.7475,,,6544508.142
2020-12-02,17.2895,18.0469,1.705,1.5842,1.7617,,,6597457.237
2020-12-03,17.123,17.8731,1.6886,1.5689,1.7447,,,6533918.323
2020-12-04,17.0675,17.8151,1.6831,1.5638,1.7391,,,6512738.685
2020-12-07,16.901,17.6413,1.6667,1.5486,1.7221,,,6449199.771
2020-12-08,16.8455,17.5834,1.6612,1.5435,1.7164,,,6428020.133
2020-12-09,16.8455,17.5834,1.6612,1.5435,1.7164,,,6428020.133
2020-12-10,16.7067,17.4385,1.6475,1.5308,1.7023,,,6375071.038
2020-12-11,17.0952,17.8441,1.6858,1.5664,1.7419,,,6523328.504
2020-12-14,16.9842,17.7282,1.6749,1.5562,1.7306,,,6480969.228
2020-12-15,16.8732,17.6123,1.6639,1.546,1.7193,,,6438609.952
2020-12-16,16.79,17.5254,1.6557,1.5384,1.7108,,,6406840.495
2020-12-17,16.8455,17.5834,1.6612,1.5435,1.7164,,,6428020.133
2020-12-18,16.7622,17.4965,1.653,1.5359,1.708,,,6396250.676
2020-12-21,16.7622,17.4965,1.653,1.5359,1.708,,,6396250.676
2020-12-22,16.5957,17.3227,1.6366,1.5206,1.691,,,6332711.762
2020-12-23,16.5679,17.2937,1.6338,1.5181,1.6882,,,6322121.943
2020-12-24,16.4569,17.1778,1.6229,1.5079,1.6769,,,6279762.667
2020-12-25,16.4569,17.1778,1.6229,1.5079,1.6769,,,6279762.667
2020-12-28,16.2904,17.004,1.6065,1.4926,1.6599,,,6216223.753
2020-12-29,16.4014,17.1199,1.6174,1.5028,1.6712,,,6258583.029
2020-12-30,16.2072,16.9171,1.5983,1.485,1.6514,,,6184454.296
2020-12-31,16.2627,16.9751,1.6037,1.4901,1.6571,,,6205633.934
2021-01-04,16.2627,16.9751,1.6037,1.4901,1.6571,,,6205633.934
2021-01-05,16.4014,17.1199,1.6174,1.5028,1.6712,,,6258583.029
2021-01-06,16.7067,17.4385,1.6475,1.5308,1.7023,,,6375071.038
2021-01-07,16.4014,17.1199,1.6174,1.5028,1.6712,,,6258583.029
2021-01-08,16.4569,17.1778,1.6229,1.5079,1.6769,,,6279762.667
2021-01-11,16.2072,16.9171,1.5983,1.485,1.6514,,,6184454.296
2021-01-12,16.2904,17.004,1.6065,1.4926,1.6599,,,6216223.753
2021-01-13,16.5957,17.3227,1.6366,1.5206,1.691,,,6332711.762
2021-01-14,17.345,18.1048,1.7105,1.5893,1.7673,,,6618636.875
2021-01-15,16.901,17.6413,1.6667,1.5486,1.7221,,,6449199.771
2021-01-18,16.901,17.6413,1.6667,1.5486,1.7221,,,6449199.771
2021-01-19,16.7345,17.4675,1.6503,1.5333,1.7051,,,6385660.857
2021-01-20,16.7345,17.4675,1.6503,1.5333,1.7051,,,6385660.857
2021-01-21,16.679,17.4096,1.6448,1.5282,1.6995,,,6364481.219
2021-01-22,16.3737,17.0909,1.6147,1.5003,1.6684,,,6247993.21
2021-01-25,16.3182,17.033,1.6092,1.4952,1.6627,,,6226813.572
2021-01-26,16.2627,16.9751,1.6037,1.4901,1.6571,,,6205633.934
2021-01-27,16.2627,16.9751,1.6037,1.4901,1.6571,,,6205633.934
2021-01-28,16.1794,16.8882,1.5955,1.4825,1.6486,,,6173864.477
2021-01-29,15.9852,16.6854,1.5764,1.4647,1.6288,,,6099735.744
2021-02-01,16.0407,16.7433,1.5818,1.4697,1.6344,,,6120915.382
2021-02-02,15.8741,16.5695,1.5654,1.4545,1.6175,,,6057376.468
2021-02-03,15.4579,16.135,1.5244,1.4163,1.5751,,,5898529.183
2021-02-04,15.1803,15.8453,1.497,1.3909,1.5468,,,5792630.993
2021-02-05,15.0693,15.7294,1.4861,1.3807,1.5355,,,5750271.717
2021-02-08,15.0138,15.6715,1.4806,1.3757,1.5298,,,5729092.079
2021-02-09,15.1526,15.8163,1.4943,1.3884,1.5439,,,5782041.174
2021-02-10,15.3191,15.9902,1.5107,1.4036,1.5609,,,5845580.088
2021-02-18,15.4856,16.164,1.5271,1.4189,1.5779,,,5909119.002
2021-02-19,15.8741,16.5695,1.5654,1.4545,1.6175,,,6057376.468
2021-02-22,16.2349,16.9461,1.601,1.4875,1.6542,,,6195044.115
2021-02-23,16.2627,16.9751,1.6037,1.4901,1.6571,,,6205633.934
2021-02-24,16.2349,16.9461,1.601,1.4875,1.6542,,,6195044.115
2021-02-25,16.4014,17.1199,1.6174,1.5028,1.6712,,,6258583.029
2021-02-26,16.4014,16.3878,1.4704,1.5028,1.5598,,,6258583.029
2021-03-01,16.2072,16.1937,1.453,1.485,1.5413,,,6184454.296
2021-03-02,16.1517,16.1383,1.448,1.4799,1.536,,,6163274.658
2021-03-03,16.2349,16.2214,1.4555,1.4875,1.544,,,6195044.115
2021-03-04,16.1517,16.1383,1.448,1.4799,1.536,,,6163274.658
2021-03-05,16.1794,16.166,1.4505,1.4825,1.5387,,,6173864.477
2021-03-08,16.2627,16.2492,1.458,1.4901,1.5466,,,6205633.934
2021-03-09,16.0962,16.0828,1.443,1.4748,1.5308,,,6142095.02
2021-03-10,15.6521,15.6391,1.4032,1.4341,1.4885,,,5972657.916
2021-03-11,15.7354,15.7223,1.4107,1.4418,1.4965,,,6004427.373
2021-03-12,15.7076,15.6946,1.4082,1.4392,1.4938,,,5993837.554
2021-03-15,15.9019,15.8887,1.4256,1.457,1.5123,,,6067966.287
2021-03-16,16.2072,16.1937,1.453,1.485,1.5413,,,6184454.296
2021-03-17,16.0962,16.0828,1.443,1.4748,1.5308,,,6142095.02
2021-03-18,16.0684,16.0551,1.4406,1.4723,1.5281,,,6131505.201
2021-03-19,15.5134,15.5005,1.3908,1.4214,1.4753,,,5919708.821
2021-03-22,15.9019,15.8887,1.4256,1.457,1.5123,,,6067966.287
2021-03-23,15.8741,15.861,1.4231,1.4545,1.5096,,,6057376.468
2021-03-24,15.8464,15.8332,1.4207,1.4519,1.507,,,6046786.649
2021-03-25,15.7076,15.6946,1.4082,1.4392,1.4938,,,5993837.554
2021-03-26,15.7631,15.7501,1.4132,1.4443,1.4991,,,6015017.192
2021-03-29,15.7501,15.7501,1.5127,1.4991,1.4991,,,6015017.192
2021-03-30,15.7223,15.7223,1.51,1.4965,1.4965,,,6004427.373
2021-03-31,15.7223,15.7223,1.51,1.4965,1.4965,,,6004427.373
2021-04-01,15.7223,15.7223,1.51,1.4965,1.4965,,,6004427.373
2021-04-02,15.6946,15.6946,1.5074,1.4938,1.4938,,,5993837.554
2021-04-06,15.7223,15.7223,1.51,1.4965,1.4965,,,6004427.373
2021-04-07,15.8887,15.8887,1.526,1.5123,1.5123,,,6067966.287
2021-04-08,15.8887,15.8887,1.526,1.5123,1.5123,,,6067966.287
2021-04-09,15.9164,15.9164,1.5287,1.5149,1.5149,,,6078556.106
2021-04-12,15.861,15.861,1.5234,1.5096,1.5096,,,6057376.468
2021-04-13,15.8055,15.8055,1.518,1.5044,1.5044,,,6036196.83
2021-04-14,15.8055,15.8055,1.518,1.5044,1.5044,,,6036196.83
2021-04-15,15.8887,15.8887,1.526,1.5123,1.5123,,,6067966.287
2021-04-16,16.1383,16.1383,1.55,1.536,1.536,,,6163274.658
2021-04-19,16.2492,16.2492,1.5606,1.5466,1.5466,,,6205633.934
2021-04-20,16.0551,16.0551,1.542,1.5281,1.5281,,,6131505.201
2021-04-21,15.9164,15.9164,1.5287,1.5149,1.5149,,,6078556.106
2021-04-22,15.9442,15.9442,1.5313,1.5176,1.5176,,,6089145.925
2021-04-23,15.861,15.861,1.5234,1.5096,1.5096,,,6057376.468
2021-04-26,15.6669,15.6669,1.5047,1.4912,1.4912,,,5983247.735
2021-04-27,15.5282,15.5282,1.4914,1.478,1.478,,,5930298.64
2021-04-28,15.5282,15.5282,1.4914,1.478,1.478,,,5930298.64
2021-04-29,15.5559,15.5559,1.4941,1.4806,1.4806,,,5940888.459
2021-04-30,15.5559,15.2307,1.4738,1.4806,1.4299,,,5940888.459
2021-05-06,15.5837,15.2578,1.4764,1.4833,1.4325,,,5951478.278
2021-05-07,15.8055,15.475,1.4974,1.5044,1.4529,,,6036196.83
2021-05-10,15.861,15.5293,1.5027,1.5096,1.458,,,6057376.468
2021-05-11,15.8887,15.5565,1.5053,1.5123,1.4605,,,6067966.287
2021-05-12,15.9164,15.5836,1.5079,1.5149,1.4631,,,6078556.106
2021-05-13,15.9719,15.6379,1.5132,1.5202,1.4682,,,6099735.744
2021-05-14,16.0273,15.6922,1.5184,1.5255,1.4733,,,6120915.382
2021-05-17,15.861,15.5293,1.5027,1.5096,1.458,,,6057376.468
2021-05-18,15.7778,15.4479,1.4948,1.5017,1.4503,,,6025607.011
2021-05-19,15.7223,15.3936,1.4895,1.4965,1.4452,,,6004427.373
2021-05-20,15.7501,15.4207,1.4922,1.4991,1.4478,,,6015017.192
2021-05-21,15.6391,15.3121,1.4816,1.4885,1.4376,,,5972657.916
2021-05-24,15.7501,15.4207,1.4922,1.4991,1.4478,,,6015017.192
2021-05-25,15.9442,15.6108,1.5105,1.5176,1.4656,,,6089145.925
2021-05-26,15.9442,15.6108,1.5105,1.5176,1.4656,,,6089145.925
2021-05-27,16.0551,15.7194,1.521,1.5281,1.4758,,,6131505.201
2021-05-28,15.9164,15.5836,1.5079,1.5149,1.4631,,,6078556.106
2021-05-31,15.8332,15.5022,1.5,1.507,1.4554,,,6046786.649
2021-06-01,15.8332,15.5022,1.5,1.507,1.4554,,,6046786.649
2021-06-02,15.8332,15.5022,1.5,1.507,1.4554,,,6046786.649
2021-06-03,15.7223,15.3936,1.4895,1.4965,1.4452,,,6004427.373
2021-06-04,15.7223,15.3936,1.4895,1.4965,1.4452,,,6004427.373
2021-06-07,15.7223,15.3936,1.4895,1.4965,1.4452,,,6004427.373
2021-06-08,15.6114,15.285,1.479,1.4859,1.435,,,5962068.097
2021-06-09,15.6114,15.285,1.479,1.4859,1.435,,,5962068.097
2021-06-10,15.6114,15.285,1.479,1.4859,1.435,,,5962068.097
2021-06-11,15.5559,15.2307,1.4738,1.4806,1.4299,,,5940888.459
2021-06-15,15.445,15.1221,1.4633,1.4701,1.4197,,,5898529.183
2021-06-16,15.445,15.1221,1.4633,1.4701,1.4197,,,5898529.183
2021-06-17,15.6114,15.285,1.479,1.4859,1.435,,,5962068.097
2021-06-18,15.5005,15.1764,1.4685,1.4753,1.4248,,,5919708.821
2021-06-21,15.5282,15.2035,1.4711,1.478,1.4274,,,5930298.64
2021-06-22,15.7778,15.4479,1.4948,1.5017,1.4503,,,6025607.011
2021-06-23,15.7501,15.4207,1.4922,1.4991,1.4478,,,6015017.192
2021-06-24,15.6669,15.3393,1.4843,1.4912,1.4401,,,5983247.735
2021-06-25,15.6946,15.3664,1.4869,1.4938,1.4427,,,5993837.554
2021-06-28,15.7501,15.4207,1.4922,1.4991,1.4478,,,6015017.192
2021-06-29,15.7223,15.3936,1.4895,1.4965,1.4452,,,6004427.373
2021-06-30,15.7778,15.4479,1.4948,1.5017,1.4503,,,6025607.011
2021-07-01,15.7778,15.4479,1.4948,1.5017,1.4503,,,6025607.011
2021-07-02,15.5282,15.2035,1.4711,1.478,1.4274,,,5930298.64
2021-07-05,15.5559,15.2307,1.4738,1.4806,1.4299,,,5940888.459
2021-07-06,15.5005,15.1764,1.4685,1.4753,1.4248,,,5919708.821
2021-07-07,15.445,15.1221,1.4633,1.4701,1.4197,,,5898529.183
2021-07-08,15.5559,15.2307,1.4738,1.4806,1.4299,,,5940888.459
2021-07-09,15.5282,15.2035,1.4711,1.478,1.4274,,,5930298.64
2021-07-12,15.5559,15.2307,1.4738,1.4806,1.4299,,,5940888.459
2021-07-13,15.6114,15.285,1.479,1.4859,1.435,,,5962068.097
2021-07-14,15.5559,15.2307,1.4738,1.4806,1.4299,,,5940888.459
2021-07-15,14.9459,14.6334,1.3924,1.4226,1.3739,,,5707912.441
2021-07-16,14.9736,14.6606,1.395,1.4252,1.3764,,,5718502.26
2021-07-19,14.7795,14.4705,1.3769,1.4067,1.3586,,,5644373.527
2021-07-20,14.8073,14.4977,1.3795,1.4094,1.3611,,,5654963.346
2021-07-21,14.7518,14.4434,1.3743,1.4041,1.356,,,5633783.708
2021-07-22,14.7518,14.4434,1.3743,1.4041,1.356,,,5633783.708
2021-07-23,14.7241,14.4162,1.3717,1.4014,1.3535,,,5623193.889
2021-07-26,14.6132,14.3076,1.3614,1.3909,1.3433,,,5580834.613
2021-07-27,14.53,14.2262,1.4529,1.383,1.3356,,,5549065.156
2021-07-28,14.0863,13.7918,1.4085,1.3407,1.2948,,,5379628.052
2021-07-29,14.0863,13.7918,1.4085,1.3407,1.2948,,,5379628.052
2021-07-30,14.0309,13.7375,1.403,1.3355,1.2897,,,5358448.414
2021-08-02,14.3636,14.0633,1.4363,1.3671,1.3203,,,5485526.242
2021-08-03,14.2527,13.9547,1.4252,1.3566,1.3101,,,5443166.966
2021-08-04,14.1418,13.8461,1.4141,1.346,1.2999,,,5400807.69
2021-08-05,14.0863,13.7918,1.4085,1.3407,1.2948,,,5379628.052
2021-08-06,14.0031,13.7103,1.4002,1.3328,1.2872,,,5347858.595
2021-08-09,14.114,13.8189,1.4113,1.3434,1.2974,,,5390217.871
2021-08-10,14.114,13.8189,1.4113,1.3434,1.2974,,,5390217.871
2021-08-11,14.225,13.9275,1.4224,1.3539,1.3076,,,5432577.147
2021-08-12,14.1418,13.8461,1.4141,1.346,1.2999,,,5400807.69
2021-08-13,14.1418,13.8461,1.4141,1.346,1.2999,,,5400807.69
2021-08-16,14.1695,13.8732,1.4169,1.3487,1.3025,,,5411397.509
2021-08-17,14.0863,13.7918,1.4085,1.3407,1.2948,,,5379628.052
2021-08-18,14.1972,13.9004,1.4196,1.3513,1.305,,,5421987.328
2021-08-19,14.0863,13.7918,1.4085,1.3407,1.2948,,,5379628.052
2021-08-20,14.114,13.8189,1.4113,1.3434,1.2974,,,5390217.871
2021-08-23,14.1695,13.8732,1.4169,1.3487,1.3025,,,5411397.509
2021-08-24,14.1972,13.9004,1.4196,1.3513,1.305,,,5421987.328
2021-08-25,14.2527,13.9547,1.4252,1.3566,1.3101,,,5443166.966
2021-08-26,14.1972,13.9576,1.3772,1.3513,1.2502,,,5421987.328
2021-08-27,14.53,14.2847,1.4095,1.383,1.2795,,,5549065.156
2021-08-30,14.2527,14.0121,1.3826,1.3566,1.2551,,,5443166.966
2021-08-31,14.5022,14.2574,1.4068,1.3803,1.2771,,,5538475.337
2021-09-01,14.8627,14.6118,1.4418,1.4146,1.3088,,,5676142.984
2021-09-02,14.9736,14.7209,1.4526,1.4252,1.3186,,,5718502.26
2021-09-03,14.9182,14.6663,1.4472,1.4199,1.3137,,,5697322.622
2021-09-06,14.9182,14.6663,1.4472,1.4199,1.3137,,,5697322.622
2021-09-07,15.0014,14.7481,1.4552,1.4278,1.321,,,5729092.079
2021-09-08,15.14,14.8844,1.4687,1.441,1.3332,,,5782041.174
2021-09-09,15.3896,15.1298,1.4929,1.4648,1.3552,,,5877349.545
2021-09-10,15.14,14.8844,1.4687,1.441,1.3332,,,5782041.174
2021-09-13,15.14,14.8844,1.4687,1.441,1.3332,,,5782041.174
2021-09-14,14.6686,14.421,1.423,1.3962,1.2917,,,5602014.251
2021-09-15,14.7241,14.4755,1.4283,1.4014,1.2966,,,5623193.889
2021-09-16,14.8073,14.5573,1.4364,1.4094,1.3039,,,5654963.346
2021-09-17,14.6686,14.421,1.423,1.3962,1.2917,,,5602014.251
2021-09-22,14.7241,14.4755,1.4283,1.4014,1.2966,,,5623193.889
2021-09-23,14.8627,14.6118,1.4418,1.4146,1.3088,,,5676142.984
2021-09-24,14.6409,14.3937,1.4203,1.3935,1.2893,,,5591424.432
2021-09-27,14.3636,14.1211,1.3934,1.3671,1.2649,,,5485526.242
2021-09-28,14.4191,14.1756,1.3988,1.3724,1.2697,,,5506705.88
2021-09-29,14.3081,14.0666,1.388,1.3618,1.26,,,5464346.604
2021-09-30,14.3081,14.0666,1.388,1.3618,1.26,,,5464346.604
2021-10-08,14.4745,14.2302,1.4041,1.3777,1.2746,,,5527885.518
2021-10-11,14.4468,14.2029,1.4014,1.375,1.2722,,,5517295.699
2021-10-12,14.3636,14.1211,1.3934,1.3671,1.2649,,,5485526.242
2021-10-13,14.3081,14.0666,1.388,1.3618,1.26,,,5464346.604
2021-10-14,14.2804,14.0393,1.3853,1.3592,1.2575,,,5453756.785
2021-10-15,14.1972,13.9576,1.3772,1.3513,1.2502,,,5421987.328
2021-10-18,14.2804,14.0393,1.3853,1.3592,1.2575,,,5453756.785
2021-10-19,14.225,13.9848,1.3799,1.3539,1.2527,,,5432577.147
2021-10-20,14.1972,13.9576,1.3772,1.3513,1.2502,,,5421987.328
2021-10-21,14.1972,13.9576,1.3772,1.3513,1.2502,,,5421987.328
2021-10-22,14.0863,13.8485,1.3665,1.3407,1.2404,,,5379628.052
2021-10-25,14.1418,13.903,1.3719,1.346,1.2453,,,5400807.69
2021-10-26,14.0863,13.8485,1.3665,1.3407,1.2404,,,5379628.052
2021-10-27,13.9199,13.6849,1.3503,1.3249,1.2258,,,5316089.138
2021-10-28,13.6704,14.599,1.307,1.3011,1.257,,,5220780.767
2021-10-29,13.6704,14.599,1.307,1.3011,1.257,,,5220780.767
2021-11-01,13.6981,14.6286,1.3097,1.3038,1.2595,,,5231370.586
2021-11-02,13.5595,14.4806,1.2964,1.2906,1.2468,,,5178421.491
2021-11-03,13.5595,14.4806,1.2964,1.2906,1.2468,,,5178421.491
2021-11-04,13.6149,14.5398,1.3017,1.2959,1.2519,,,5199601.129
2021-11-05,13.5595,14.4806,1.2964,1.2906,1.2468,,,5178421.491
2021-11-08,13.6149,14.5398,1.3017,1.2959,1.2519,,,5199601.129
2021-11-09,13.6426,14.5694,1.3044,1.2985,1.2544,,,5210190.948
2021-11-10,13.6426,14.5694,1.3044,1.2985,1.2544,,,5210190.948
2021-11-11,13.7536,14.6879,1.315,1.3091,1.2646,,,5252550.224
2021-11-12,13.7258,14.6582,1.3123,1.3064,1.2621,,,5241960.405
2021-11-15,13.8645,14.8063,1.3256,1.3196,1.2748,,,5294909.5
2021-11-16,13.7813,14.7175,1.3176,1.3117,1.2672,,,5263140.043
2021-11-17,13.7813,14.7175,1.3176,1.3117,1.2672,,,5263140.043
2021-11-18,13.6704,14.599,1.307,1.3011,1.257,,,5220780.767
2021-11-19,13.7258,14.6582,1.3123,1.3064,1.2621,,,5241960.405
2021-11-22,13.6704,14.599,1.307,1.3011,1.257,,,5220780.767
2021-11-23,13.7536,14.6879,1.315,1.3091,1.2646,,,5252550.224
2021-11-24,13.7813,14.7175,1.3176,1.3117,1.2672,,,5263140.043
2021-11-25,13.809,14.7471,1.3203,1.3143,1.2697,,,5273729.862
2021-11-26,13.6981,14.6286,1.3097,1.3038,1.2595,,,5231370.586
2021-11-29,13.5317,14.451,1.2938,1.2879,1.2442,,,5167831.672
2021-11-30,13.4763,14.3917,1.2885,1.2827,1.2391,,,5146652.034
2021-12-01,13.6149,14.5398,1.3017,1.2959,1.2519,,,5199601.129
2021-12-02,13.6149,14.5398,1.3017,1.2959,1.2519,,,5199601.129
2021-12-03,13.8922,14.8359,1.3283,1.3223,1.2774,,,5305499.319
2021-12-06,13.7258,14.6582,1.3123,1.3064,1.2621,,,5241960.405
2021-12-07,13.8645,14.8063,1.3256,1.3196,1.2748,,,5294909.5
2021-12-08,13.8368,14.7767,1.3229,1.317,1.2723,,,5284319.681
2021-12-09,13.8645,14.8063,1.3256,1.3196,1.2748,,,5294909.5
2021-12-10,13.8645,14.8063,1.3256,1.3196,1.2748,,,5294909.5
2021-12-13,13.7536,14.6879,1.315,1.3091,1.2646,,,5252550.224
2021-12-14,13.6981,14.6286,1.3097,1.3038,1.2595,,,5231370.586
2021-12-15,13.6704,14.599,1.307,1.3011,1.257,,,5220780.767
2021-12-16,13.7258,14.6582,1.3123,1.3064,1.2621,,,5241960.405
2021-12-17,13.7536,14.6879,1.315,1.3091,1.2646,,,5252550.224
2021-12-20,13.7813,14.7175,1.3176,1.3117,1.2672,,,5263140.043
2021-12-21,13.8922,14.8359,1.3283,1.3223,1.2774,,,5305499.319
2021-12-22,13.8368,14.7767,1.3229,1.317,1.2723,,,5284319.681
2021-12-23,13.809,14.7471,1.3203,1.3143,1.2697,,,5273729.862
2021-12-24,13.7813,14.7175,1.3176,1.3117,1.2672,,,5263140.043
2021-12-27,13.809,14.7471,1.3203,1.3143,1.2697,,,5273729.862
2021-12-28,13.809,14.7471,1.3203,1.3143,1.2697,,,5273729.862
2021-12-29,13.809,14.7471,1.3203,1.3143,1.2697,,,5273729.862
2021-12-30,13.7813,14.7175,1.3176,1.3117,1.2672,,,5263140.043
2021-12-31,13.809,14.7471,1.3203,1.3143,1.2697,,,5273729.862
2022-01-04,13.9477,14.8951,1.3336,1.3275,1.2825,,,5326678.957
2022-01-05,13.8922,14.8359,1.3283,1.3223,1.2774,,,5305499.319
2022-01-06,13.9199,14.8655,1.3309,1.3249,1.2799,,,5316089.138
2022-01-07,14.0309,14.984,1.3415,1.3355,1.2901,,,5358448.414
2022-01-10,14.1418,15.1024,1.3521,1.346,1.3003,,,5400807.69
2022-01-11,14.1418,15.1024,1.3521,1.346,1.3003,,,5400807.69
2022-01-12,14.0863,15.0432,1.3468,1.3407,1.2952,,,5379628.052
2022-01-13,14.0031,14.9544,1.3389,1.3328,1.2876,,,5347858.595
2022-01-14,13.8368,14.7767,1.3229,1.317,1.2723,,,5284319.681
2022-01-17,13.8645,14.8063,1.3256,1.3196,1.2748,,,5294909.5
2022-01-18,13.9477,14.8951,1.3336,1.3275,1.2825,,,5326678.957
2022-01-19,13.9477,14.8951,1.3336,1.3275,1.2825,,,5326678.957
2022-01-20,13.8922,14.8359,1.3283,1.3223,1.2774,,,5305499.319
2022-01-21,13.7258,14.6582,1.3123,1.3064,1.2621,,,5241960.405
2022-01-24,13.6704,14.599,1.307,1.3011,1.257,,,5220780.767
2022-01-25,13.4208,14.3325,1.2832,1.2774,1.234,,,5125472.396
2022-01-26,13.5317,14.451,1.2938,1.2879,1.2442,,,5167831.672
2022-01-27,13.3376,14.2437,1.2752,1.2695,1.2264,,,5093702.939
2022-01-28,13.3654,14.2733,1.2779,1.2721,1.2289,,,5104292.758
2022-02-07,13.6149,14.5398,1.3017,1.2959,1.2519,,,5199601.129
2022-02-08,13.7536,14.6879,1.315,1.3091,1.2646,,,5252550.224
2022-02-09,13.8368,14.7767,1.3229,1.317,1.2723,,,5284319.681
2022-02-10,13.8922,14.8359,1.3283,1.3223,1.2774,,,5305499.319
2022-02-11,13.8368,14.7767,1.3229,1.317,1.2723,,,5284319.681
2022-02-14,13.6981,14.6286,1.3097,1.3038,1.2595,,,5231370.586
2022-02-15,13.6704,14.599,1.307,1.3011,1.257,,,5220780.767
2022-02-16,13.6704,14.599,1.307,1.3011,1.257,,,5220780.767
2022-02-17,13.6426,14.5694,1.3044,1.2985,1.2544,,,5210190.948
2022-02-18,13.7536,14.6879,1.315,1.3091,1.2646,,,5252550.224
2022-02-21,13.7258,14.6582,1.3123,1.3064,1.2621,,,5241960.405
2022-02-22,13.6426,14.5694,1.3044,1.2985,1.2544,,,5210190.948
2022-02-23,13.6149,14.5398,1.3017,1.2959,1.2519,,,5199601.129
2022-02-24,13.3654,14.2733,1.2779,1.2721,1.2289,,,5104292.758
2022-02-25,13.4208,14.3325,1.2832,1.2774,1.234,,,5125472.396
2022-02-28,13.4485,15.6842,1.1792,1.28,1.339,,,5136062.215
2022-03-01,13.4208,15.6519,1.1768,1.2774,1.3362,,,5125472.396
2022-03-02,13.4763,15.7165,1.1817,1.2827,1.3417,,,5146652.034
2022-03-03,13.5595,15.8136,1.1889,1.2906,1.35,,,5178421.491
2022-03-04,13.5317,15.7812,1.1865,1.2879,1.3473,,,5167831.672
2022-03-07,13.3931,15.6195,1.1744,1.2748,1.3334,,,5114882.577
2022-03-08,13.2544,15.4578,1.1622,1.2616,1.3196,,,5061933.482
2022-03-09,12.8385,14.9728,1.1257,1.222,1.2782,,,4903086.197
2022-03-10,12.8662,15.0051,1.1282,1.2246,1.281,,,4913676.016
2022-03-11,13.0326,15.1991,1.1428,1.2404,1.2976,,,4977214.93
2022-03-14,12.6999,14.8111,1.1136,1.2088,1.2644,,,4850137.102
2022-03-15,12.0621,14.0673,1.0577,1.1481,1.2009,,,4606571.265
2022-03-16,12.2839,14.326,1.0771,1.1692,1.223,,,4691289.817
2022-03-17,12.3117,14.3583,1.0795,1.1718,1.2258,,,4701879.636
2022-03-18,12.3671,14.423,1.0844,1.1771,1.2313,,,4723059.274
2022-03-21,12.3671,14.423,1.0844,1.1771,1.2313,,,4723059.274
2022-03-22,12.5889,14.6817,1.1038,1.1982,1.2534,,,4807777.826
2022-03-23,12.478,14.5524,1.0941,1.1877,1.2423,,,4765418.55
2022-03-24,12.3671,14.423,1.0844,1.1771,1.2313,,,4723059.274
2022-03-25,12.3117,14.3583,1.0795,1.1718,1.2258,,,4701879.636
2022-03-28,14.4553,14.4553,1.1614,1.2341,1.2341,,,4733649.093
2022-03-29,14.2936,14.2936,1.1484,1.2203,1.2203,,,4680699.998
2022-03-30,14.4553,14.4553,1.1614,1.2341,1.2341,,,4733649.093
2022-03-31,14.3907,14.3907,1.1562,1.2285,1.2285,,,4712469.455
2022-04-01,14.4877,14.4877,1.164,1.2368,1.2368,,,4744238.912
2022-04-06,14.7787,14.7787,1.1874,1.2617,1.2617,,,4839547.283
2022-04-07,14.6494,14.6494,1.177,1.2506,1.2506,,,4797188.007
2022-04-08,14.6494,14.6494,1.177,1.2506,1.2506,,,4797188.007
2022-04-11,14.326,14.326,1.151,1.223,1.223,,,4691289.817
2022-04-12,14.617,14.617,1.1744,1.2479,1.2479,,,4786598.188
2022-04-13,14.3583,14.3583,1.1536,1.2258,1.2258,,,4701879.636
2022-04-14,14.4553,14.4553,1.1614,1.2341,1.2341,,,4733649.093
2022-04-15,14.3907,14.3907,1.1562,1.2285,1.2285,,,4712469.455
2022-04-18,14.3907,14.3907,1.1562,1.2285,1.2285,,,4712469.455
2022-04-19,14.3583,14.3583,1.1536,1.2258,1.2258,,,4701879.636
2022-04-20,14.326,14.326,1.151,1.223,1.223,,,4691289.817
2022-04-21,14.0996,14.0996,1.1328,1.2037,1.2037,,,4617161.084
2022-04-22,14.0996,14.0996,1.1328,1.2037,1.2037,,,4617161.084
2022-04-25,13.4852,13.4852,1.0835,1.1512,1.1512,,,4415954.523
2022-04-26,13.3235,13.3235,1.0705,1.1374,1.1374,,,4363005.428
2022-04-27,13.4205,13.4205,1.0783,1.1457,1.1457,,,4394774.885
2022-04-28,13.6469,13.6469,1.0965,1.165,1.165,,,4468903.618
2022-04-29,13.9703,13.7116,1.1049,1.1926,1.1813,,,4574801.808
2022-05-05,14.2613,13.9973,1.1279,1.2175,1.2059,,,4670110.179
2022-05-06,13.9703,13.7116,1.1049,1.1926,1.1813,,,4574801.808
2022-05-09,14.0673,13.8068,1.1126,1.2009,1.1895,,,4606571.265
2022-05-10,14.1966,13.9338,1.1228,1.212,1.2004,,,4648930.541
2022-05-11,14.1643,13.9021,1.1203,1.2092,1.1977,,,4638340.722
2022-05-12,14.1966,13.9338,1.1228,1.212,1.2004,,,4648930.541
2022-05-13,14.1319,13.8703,1.1177,1.2065,1.1949,,,4627750.903
2022-05-16,14.1319,13.8703,1.1177,1.2065,1.1949,,,4627750.903
2022-05-17,14.1643,13.9021,1.1203,1.2092,1.1977,,,4638340.722
2022-05-18,14.0673,13.8068,1.1126,1.2009,1.1895,,,4606571.265
2022-05-19,14.2613,13.9973,1.1279,1.2175,1.2059,,,4670110.179
2022-05-20,14.3583,14.0925,1.1356,1.2258,1.2141,,,4701879.636
2022-05-23,14.326,14.0608,1.1331,1.223,1.2114,,,4691289.817
2022-05-24,14.0673,13.8068,1.1126,1.2009,1.1895,,,4606571.265
2022-05-25,14.1319,13.8703,1.1177,1.2065,1.1949,,,4627750.903
2022-05-26,14.2936,14.029,1.1305,1.2203,1.2086,,,4680699.998
2022-05-27,14.326,14.0608,1.1331,1.223,1.2114,,,4691289.817
2022-05-30,14.2613,13.9973,1.1279,1.2175,1.2059,,,4670110.179
2022-05-31,14.7464,14.4734,1.1663,1.2589,1.2469,,,4828957.464
2022-06-01,14.6494,14.3782,1.1586,1.2506,1.2387,,,4797188.007
2022-06-02,15.2961,15.0129,1.2098,1.3058,1.2934,,,5008984.387
2022-06-06,15.2638,14.9812,1.2072,1.3031,1.2907,,,4998394.568
2022-06-07,15.0374,14.759,1.1893,1.2838,1.2715,,,4924265.835
2022-06-08,14.8434,14.5686,1.174,1.2672,1.2551,,,4860726.921
2022-06-09,14.7464,14.4734,1.1663,1.2589,1.2469,,,4828957.464
2022-06-10,15.3608,15.0764,1.2149,1.3114,1.2989,,,5030164.025
2022-06-13,15.0374,14.759,1.1893,1.2838,1.2715,,,4924265.835
2022-06-14,15.2638,14.9812,1.2072,1.3031,1.2907,,,4998394.568
2022-06-15,15.1991,14.9177,1.2021,1.2976,1.2852,,,4977214.93
2022-06-16,15.1344,14.8542,1.197,1.292,1.2797,,,4956035.292
2022-06-17,15.1668,14.886,1.1996,1.2948,1.2825,,,4966625.111
2022-06-20,14.9728,14.6955,1.1842,1.2782,1.266,,,4903086.197
2022-06-21,14.9728,14.6955,1.1842,1.2782,1.266,,,4903086.197
2022-06-22,14.6494,14.3782,1.1586,1.2506,1.2387,,,4797188.007
2022-06-23,14.7787,14.5051,1.1689,1.2617,1.2496,,,4839547.283
2022-06-24,14.8111,14.5368,1.1714,1.2644,1.2524,,,4850137.102
2022-06-27,14.7464,14.4734,1.1663,1.2589,1.2469,,,4828957.464
2022-06-28,14.8434,14.5686,1.174,1.2672,1.2551,,,4860726.921
2022-06-29,14.714,14.4416,1.1638,1.2561,1.2442,,,4818367.645
2022-06-30,14.6494,14.3782,1.1586,1.2506,1.2387,,,4797188.007
2022-07-01,14.5847,14.3147,1.1535,1.2451,1.2332,,,4776008.369
2022-07-04,14.4553,14.1877,1.1433,1.2341,1.2223,,,4733649.093
2022-07-05,14.3583,14.0925,1.1356,1.2258,1.2141,,,4701879.636
2022-07-06,14.2613,13.9973,1.1279,1.2175,1.2059,,,4670110.179
2022-07-07,14.229,13.9655,1.1254,1.2147,1.2032,,,4659520.36
2022-07-08,14.2613,13.9973,1.1279,1.2175,1.2059,,,4670110.179
2022-07-11,14.2936,14.029,1.1305,1.2203,1.2086,,,4680699.998
2022-07-12,14.2613,13.9973,1.1279,1.2175,1.2059,,,4670110.179
2022-07-13,14.326,14.0608,1.1331,1.223,1.2114,,,4691289.817
2022-07-14,14.326,14.0608,1.1331,1.223,1.2114,,,4691289.817
2022-07-15,14.229,13.9655,1.1254,1.2147,1.2032,,,4659520.36
2022-07-18,14.4877,14.2195,1.1459,1.2368,1.225,,,4744238.912
2022-07-19,14.0349,13.7751,1.1605,1.1982,1.1867,,,4595981.446
2022-07-20,14.2613,13.9973,1.1792,1.2175,1.2059,,,4670110.179
2022-07-21,14.229,13.9655,1.1765,1.2147,1.2032,,,4659520.36
2022-07-22,14.229,13.9655,1.1765,1.2147,1.2032,,,4659520.36
2022-07-25,14.1643,13.9021,1.1712,1.2092,1.1977,,,4638340.722
2022-07-26,14.2613,13.9973,1.1792,1.2175,1.2059,,,4670110.179
2022-07-27,14.229,13.9655,1.1765,1.2147,1.2032,,,4659520.36
2022-07-28,14.2936,14.029,1.1819,1.2203,1.2086,,,4680699.998
2022-07-29,14.1966,13.9338,1.1739,1.212,1.2004,,,4648930.541
2022-08-01,14.2936,14.029,1.1819,1.2203,1.2086,,,4680699.998
2022-08-02,14.0673,13.8068,1.1632,1.2009,1.1895,,,4606571.265
2022-08-03,13.9703,13.7116,1.1552,1.1926,1.1813,,,4574801.808
2022-08-04,13.9379,13.6799,1.1525,1.1899,1.1785,,,4564211.989
2022-08-05,14.326,14.0608,1.1846,1.223,1.2114,,,4691289.817
2022-08-08,14.2613,13.9973,1.1792,1.2175,1.2059,,,4670110.179
2022-08-09,14.229,13.9655,1.1765,1.2147,1.2032,,,4659520.36
2022-08-10,14.1966,13.9338,1.1739,1.212,1.2004,,,4648930.541
2022-08-11,14.3907,14.1242,1.1899,1.2285,1.2168,,,4712469.455
2022-08-12,14.3583,14.0925,1.1872,1.2258,1.2141,,,4701879.636
2022-08-15,14.326,14.0608,1.1846,1.223,1.2114,,,4691289.817
2022-08-16,14.2936,14.029,1.1819,1.2203,1.2086,,,4680699.998
2022-08-17,14.326,14.0608,1.1846,1.223,1.2114,,,4691289.817
2022-08-18,14.2613,13.9973,1.1792,1.2175,1.2059,,,4670110.179
2022-08-19,14.2613,13.9973,1.1792,1.2175,1.2059,,,4670110.179
2022-08-22,14.326,14.0608,1.1846,1.223,1.2114,,,4691289.817
2022-08-23,14.1966,13.9338,1.1739,1.212,1.2004,,,4648930.541
2022-08-24,13.9379,13.6799,1.1525,1.1899,1.1785,,,4564211.989
2022-08-25,13.9703,13.7116,1.1552,1.1926,1.1813,,,4574801.808
2022-08-26,14.0673,13.8068,1.1632,1.2009,1.1895,,,4606571.265
2022-08-29,14.1319,13.8703,1.1685,1.2065,1.1949,,,4627750.903
2022-08-30,14.3583,13.9594,1.1487,1.2258,1.2094,,,4701879.636
2022-08-31,14.326,13.928,1.1461,1.223,1.2067,,,4691289.817
2022-09-01,14.0026,13.6136,1.1203,1.1954,1.1795,,,4585391.627
2022-09-02,14.2613,13.8651,1.141,1.2175,1.2013,,,4670110.179
2022-09-05,14.2613,13.8651,1.141,1.2175,1.2013,,,4670110.179
2022-09-06,14.326,13.928,1.1461,1.223,1.2067,,,4691289.817
2022-09-07,14.326,13.928,1.1461,1.223,1.2067,,,4691289.817
2022-09-08,14.3583,13.9594,1.1487,1.2258,1.2094,,,4701879.636
2022-09-09,14.423,14.0223,1.1539,1.2313,1.2149,,,4723059.274
2022-09-13,14.3583,13.9594,1.1487,1.2258,1.2094,,,4701879.636
2022-09-14,14.1966,13.8022,1.1358,1.212,1.1958,,,4648930.541
2022-09-15,14.1319,13.7393,1.1306,1.2065,1.1904,,,4627750.903
2022-09-16,13.7439,13.362,1.0996,1.1733,1.1577,,,4500673.075
2022-09-19,13.5822,13.2048,1.0866,1.1595,1.1441,,,4447723.98
2022-09-20,13.5822,13.2048,1.0866,1.1595,1.1441,,,4447723.98
2022-09-21,13.7115,13.3306,1.097,1.1706,1.1549,,,4490083.256
2022-09-22,13.5822,13.2048,1.0866,1.1595,1.1441,,,4447723.98
2022-09-23,13.7115,13.3306,1.097,1.1706,1.1549,,,4490083.256
2022-09-26,13.5175,13.142,1.0815,1.154,1.1386,,,4426544.342
2022-09-27,13.6469,13.2677,1.0918,1.165,1.1495,,,4468903.618
2022-09-28,13.4852,13.1105,1.0789,1.1512,1.1359,,,4415954.523
2022-09-29,13.3558,12.9848,1.0685,1.1402,1.125,,,4373595.247
2022-09-30,13.4205,13.0476,1.0737,1.1457,1.1304,,,4394774.885
2022-10-10,13.4205,13.0476,1.0737,1.1457,1.1304,,,4394774.885
2022-10-11,13.6469,13.2677,1.0918,1.165,1.1495,,,4468903.618
2022-10-12,13.8409,13.4564,1.1073,1.1816,1.1658,,,4532442.532
2022-10-13,13.9379,13.5507,1.1151,1.1899,1.174,,,4564211.989
2022-10-14,13.9703,13.5821,1.1177,1.1926,1.1767,,,4574801.808
2022-10-17,14.1319,13.7393,1.1306,1.2065,1.1904,,,4627750.903
2022-10-18,14.0673,13.6764,1.1254,1.2009,1.1849,,,4606571.265
2022-10-19,14.0349,13.645,1.1228,1.1982,1.1822,,,4595981.446
2022-10-20,14.1319,13.7393,1.1306,1.2065,1.1904,,,4627750.903
2022-10-21,14.2613,13.8651,1.141,1.2175,1.2013,,,4670110.179
2022-10-24,14.1319,13.7393,1.1306,1.2065,1.1904,,,4627750.903
2022-10-25,14.1643,13.7708,1.1332,1.2092,1.1931,,,4638340.722
2022-10-26,14.326,13.928,1.1461,1.223,1.2067,,,4691289.817
2022-10-27,14.2613,13.8651,1.141,1.2175,1.2013,,,4670110.179
2022-10-28,13.9379,13.5507,1.1151,1.1899,1.174,,,4564211.989
2022-10-31,14.6494,13.8381,1.1527,1.2506,1.2002,,,4797188.007
2022-11-01,14.714,13.8992,1.1578,1.2561,1.2055,,,4818367.645
2022-11-02,14.6494,13.8381,1.1527,1.2506,1.2002,,,4797188.007
2022-11-03,14.6817,13.8686,1.1552,1.2534,1.2029,,,4807777.826
2022-11-04,14.7787,13.9603,1.1629,1.2617,1.2108,,,4839547.283
2022-11-07,14.617,13.8075,1.1501,1.2479,1.1976,,,4786598.188
2022-11-08,14.617,13.8075,1.1501,1.2479,1.1976,,,4786598.188
2022-11-09,14.5847,13.777,1.1476,1.2451,1.1949,,,4776008.369
2022-11-10,14.5847,13.777,1.1476,1.2451,1.1949,,,4776008.369
2022-11-11,14.714,13.8992,1.1578,1.2561,1.2055,,,4818367.645
2022-11-14,14.8111,13.9908,1.1654,1.2644,1.2135,,,4850137.102
2022-11-15,14.7464,13.9297,1.1603,1.2589,1.2082,,,4828957.464
2022-11-16,14.714,13.8992,1.1578,1.2561,1.2055,,,4818367.645
2022-11-17,14.8434,14.0214,1.1679,1.2672,1.2161,,,4860726.921
2022-11-18,14.7464,13.9297,1.1603,1.2589,1.2082,,,4828957.464
2022-11-21,14.617,13.8075,1.1501,1.2479,1.1976,,,4786598.188
2022-11-22,14.8757,14.0519,1.1705,1.27,1.2188,,,4871316.74
2022-11-23,15.1344,14.2963,1.1909,1.292,1.24,,,4956035.292
2022-11-24,14.7464,13.9297,1.1603,1.2589,1.2082,,,4828957.464
2022-11-25,15.1344,14.2963,1.1909,1.292,1.24,,,4956035.292
2022-11-28,15.0374,14.2047,1.1832,1.2838,1.232,,,4924265.835
2022-11-29,15.1991,14.3574,1.1959,1.2976,1.2453,,,4977214.93
2022-11-30,15.1991,14.3574,1.1959,1.2976,1.2453,,,4977214.93
2022-12-01,15.1021,14.2658,1.1883,1.2893,1.2373,,,4945445.473
2022-12-02,15.1021,14.2658,1.1883,1.2893,1.2373,,,4945445.473
2022-12-05,15.6842,14.8156,1.2341,1.339,1.285,,,5136062.215
2022-12-06,15.6842,14.8156,1.2341,1.339,1.285,,,5136062.215
2022-12-07,15.4902,14.6323,1.2188,1.3224,1.2691,,,5072523.301
2022-12-08,15.3285,14.4796,1.2061,1.3086,1.2559,,,5019574.206
2022-12-09,15.4902,14.6323,1.2188,1.3224,1.2691,,,5072523.301
2022-12-12,15.2638,14.4185,1.201,1.3031,1.2506,,,4998394.568
2022-12-13,15.3285,14.4796,1.2061,1.3086,1.2559,,,5019574.206
2022-12-14,15.2315,14.388,1.1985,1.3003,1.2479,,,4987804.749
2022-12-15,15.1668,14.3269,1.1934,1.2948,1.2426,,,4966625.111
2022-12-16,15.6519,14.7851,1.2316,1.3362,1.2824,,,5125472.396
2022-12-19,15.3285,14.4796,1.2061,1.3086,1.2559,,,5019574.206
2022-12-20,15.5548,14.6934,1.2239,1.3279,1.2744,,,5093702.939
2022-12-21,15.4578,14.6018,1.2163,1.3196,1.2665,,,5061933.482
2022-12-22,15.1021,14.2658,1.1883,1.2893,1.2373,,,4945445.473
2022-12-23,15.3608,14.5101,1.2087,1.3114,1.2585,,,5030164.025
2022-12-26,15.5548,14.6934,1.2239,1.3279,1.2744,,,5093702.939
2022-12-27,15.5872,14.724,1.2265,1.3307,1.2771,,,5104292.758
2022-12-28,15.5872,14.724,1.2265,1.3307,1.2771,,,5104292.758
2022-12-29,15.3285,14.4796,1.2061,1.3086,1.2559,,,5019574.206
2022-12-30,15.4902,14.6323,1.2188,1.3224,1.2691,,,5072523.301
2023-01-03,15.6195,14.7545,1.229,1.3334,1.2797,,,5114882.577
2023-01-04,15.6195,14.7545,1.229,1.3334,1.2797,,,5114882.577
2023-01-05,15.3932,14.5407,1.2112,1.3141,1.2612,,,5040753.844
2023-01-06,15.1991,14.3574,1.1959,1.2976,1.2453,,,4977214.93
2023-01-09,15.1344,14.2963,1.1909,1.292,1.24,,,4956035.292
2023-01-10,15.1668,14.3269,1.1934,1.2948,1.2426,,,4966625.111
2023-01-11,15.0051,14.1741,1.1807,1.281,1.2294,,,4913676.016
2023-01-12,14.9081,14.0825,1.173,1.2727,1.2214,,,4881906.559
2023-01-13,15.1344,14.2963,1.1909,1.292,1.24,,,4956035.292
2023-01-16,15.2638,14.4185,1.201,1.3031,1.2506,,,4998394.568
2023-01-17,15.2961,14.449,1.2036,1.3058,1.2532,,,5008984.387
2023-01-18,15.3608,14.5101,1.2087,1.3114,1.2585,,,5030164.025
2023-01-19,15.5225,14.6629,1.2214,1.3252,1.2718,,,5083113.12
2023-01-20,15.6519,14.7851,1.2316,1.3362,1.2824,,,5125472.396
2023-01-30,15.6195,14.7545,1.229,1.3334,1.2797,,,5114882.577
2023-01-31,15.6519,14.7851,1.2316,1.3362,1.2824,,,5125472.396
2023-02-01,15.6842,14.8156,1.2341,1.339,1.285,,,5136062.215
2023-02-02,15.7165,14.8462,1.2367,1.3417,1.2877,,,5146652.034
2023-02-03,15.7165,14.8462,1.2367,1.3417,1.2877,,,5146652.034
2023-02-06,15.7489,14.8767,1.2392,1.3445,1.2903,,,5157241.853
2023-02-07,15.8459,14.9684,1.2468,1.3528,1.2983,,,5189011.31
2023-02-08,15.7489,14.8767,1.2392,1.3445,1.2903,,,5157241.853
2023-02-09,15.9106,15.0295,1.2519,1.3583,1.3036,,,5210190.948
2023-02-10,16.1693,15.2738,1.2723,1.3804,1.3248,,,5294909.5
2023-02-13,16.1369,15.2433,1.2697,1.3776,1.3221,,,5284319.681
2023-02-14,16.1369,15.2433,1.2697,1.3776,1.3221,,,5284319.681
2023-02-15,16.0399,15.1516,1.2621,1.3693,1.3142,,,5252550.224
2023-02-16,15.8782,14.9989,1.2494,1.3555,1.3009,,,5199601.129
2023-02-17,15.9752,15.0905,1.257,1.3638,1.3089,,,5231370.586
2023-02-20,16.1046,15.2127,1.2672,1.3749,1.3195,,,5273729.862
2023-02-21,16.1693,15.2738,1.2723,1.3804,1.3248,,,5294909.5
2023-02-22,16.1693,15.2738,1.2723,1.3804,1.3248,,,5294909.5
2023-02-23,16.2016,15.3044,1.2748,1.3831,1.3274,,,5305499.319
2023-02-24,16.2016,15.3044,1.2748,1.3831,1.3274,,,5305499.319
2023-02-27,16.1693,15.2738,1.2723,1.3804,1.3248,,,5294909.5
2023-02-28,16.525,14.8944,1.2724,1.4108,1.3455,,,5411397.509
2023-03-01,17.2688,15.5648,1.3297,1.4742,1.406,,,5654963.346
2023-03-02,17.4305,15.7106,1.3422,1.4881,1.4192,,,5707912.441
2023-03-03,17.8185,16.0603,1.3721,1.5212,1.4508,,,5834990.269
2023-03-06,17.9802,16.2061,1.3845,1.535,1.4639,,,5887939.364
2023-03-07,17.7215,15.9729,1.3646,1.5129,1.4429,,,5803220.812
2023-03-08,17.5598,15.8272,1.3521,1.4991,1.4297,,,5750271.717
2023-03-09,17.4952,15.7689,1.3472,1.4936,1.4245,,,5729092.079
2023-03-10,17.3011,15.594,1.3322,1.477,1.4087,,,5665553.165
2023-03-13,17.5275,15.798,1.3496,1.4963,1.4271,,,5739681.898
2023-03-14,17.6569,15.9146,1.3596,1.5074,1.4376,,,5782041.174
2023-03-15,17.9156,16.1478,1.3795,1.5295,1.4587,,,5866759.726
2023-03-16,17.7215,15.9729,1.3646,1.5129,1.4429,,,5803220.812
2023-03-17,18.0773,16.2935,1.392,1.5433,1.4718,,,5919708.821
2023-03-20,17.9479,16.1769,1.382,1.5322,1.4613,,,5877349.545
2023-03-21,17.7215,15.9729,1.3646,1.5129,1.4429,,,5803220.812
2023-03-22,17.8185,16.0603,1.3721,1.5212,1.4508,,,5834990.269
2023-03-23,17.9479,16.1769,1.382,1.5322,1.4613,,,5877349.545
2023-03-24,15.9708,15.9708,1.3646,1.4435,1.4435,,,5803220.812
2023-03-27,16.3788,16.3788,1.3995,1.4803,1.4803,,,5951478.278
2023-03-28,15.8834,15.8834,1.3571,1.4356,1.4356,,,5771451.355
2023-03-29,15.796,15.796,1.3497,1.4277,1.4277,,,5739681.898
2023-03-30,15.796,15.796,1.3497,1.4277,1.4277,,,5739681.898
2023-03-31,15.796,15.796,1.3497,1.4277,1.4277,,,5739681.898
2023-04-03,15.8542,15.8542,1.3546,1.4329,1.4329,,,5760861.536
2023-04-04,16.5537,16.5537,1.4144,1.4962,1.4962,,,6015017.192
2023-04-06,16.3205,16.3205,1.3945,1.4751,1.4751,,,5930298.64
2023-04-07,16.1748,16.1748,1.382,1.4619,1.4619,,,5877349.545
2023-04-10,16.0874,16.0874,1.3746,1.454,1.454,,,5845580.088
2023-04-11,16.0874,16.0874,1.3746,1.454,1.454,,,5845580.088
2023-04-12,16.2914,16.2914,1.392,1.4724,1.4724,,,5919708.821
2023-04-13,16.2331,16.2331,1.387,1.4672,1.4672,,,5898529.183
2023-04-14,16.5828,16.5828,1.4169,1.4988,1.4988,,,6025607.011
2023-04-17,17.0491,17.0491,1.4567,1.5409,1.5409,,,6195044.115
2023-04-18,16.9909,16.9909,1.4518,1.5357,1.5357,,,6173864.477
2023-04-19,17.2823,17.2823,1.4767,1.562,1.562,,,6279762.667
2023-04-20,18.7395,18.7395,1.6012,1.6937,1.6937,,,6809253.617
2023-04-21,19.1184,19.1184,1.6335,1.728,1.728,,,6946921.264
2023-04-24,18.8561,18.8561,1.6111,1.7042,1.7042,,,6851612.893
2023-04-25,19.5555,19.5555,1.6709,1.7675,1.7675,,,7105768.549
2023-04-26,18.2732,18.2732,1.5613,1.6516,1.6516,,,6639816.513
2023-04-27,18.448,18.448,1.5763,1.6674,1.6674,,,6703355.427
2023-04-28,19.0018,19.0018,1.6236,1.7174,1.7174,,,6904561.988
2023-05-04,18.1857,18.0371,1.5299,1.6437,1.6215,,,6608047.056
2023-05-05,18.1275,17.9793,1.525,1.6384,1.6163,,,6586867.418
2023-05-08,18.1275,17.9793,1.525,1.6384,1.6163,,,6586867.418
2023-05-09,17.9817,17.8348,1.5128,1.6252,1.6033,,,6533918.323
2023-05-10,17.3114,17.1699,1.4564,1.5646,1.5435,,,6290352.486
2023-05-11,17.2823,17.141,1.4539,1.562,1.5409,,,6279762.667
2023-05-12,16.9909,16.852,1.4294,1.5357,1.515,,,6173864.477
2023-05-15,16.7577,16.6207,1.4098,1.5146,1.4942,,,6089145.925
2023-05-16,16.6994,16.5629,1.4049,1.5093,1.489,,,6067966.287
2023-05-17,16.6411,16.5051,1.4,1.5041,1.4838,,,6046786.649
2023-05-18,16.816,16.6785,1.4147,1.5199,1.4994,,,6110325.563
2023-05-19,16.7577,16.6207,1.4098,1.5146,1.4942,,,6089145.925
2023-05-22,16.6411,16.5051,1.4,1.5041,1.4838,,,6046786.649
2023-05-23,16.4371,16.3028,1.3828,1.4856,1.4656,,,5972657.916
2023-05-24,16.0291,15.8981,1.3485,1.4487,1.4292,,,5824400.45
2023-05-25,16.1748,16.0426,1.3608,1.4619,1.4422,,,5877349.545
2023-05-26,16.3205,16.1871,1.373,1.4751,1.4552,,,5930298.64
2023-05-29,16.9034,16.7653,1.4221,1.5278,1.5072,,,6142095.02
2023-05-30,17.3697,17.2277,1.4613,1.5699,1.5487,,,6311532.124
2023-05-31,17.3697,17.2277,1.4613,1.5699,1.5487,,,6311532.124
2023-06-01,17.02,16.8809,1.4319,1.5383,1.5176,,,6184454.296
2023-06-02,16.9909,16.852,1.4294,1.5357,1.515,,,6173864.477
2023-06-05,16.6994,16.5629,1.4049,1.5093,1.489,,,6067966.287
2023-06-06,16.6411,16.5051,1.4,1.5041,1.4838,,,6046786.649
2023-06-07,17.0491,16.9098,1.4343,1.5409,1.5202,,,6195044.115
2023-06-08,17.1949,17.0543,1.4466,1.5541,1.5331,,,6247993.21
2023-06-09,17.3406,17.1988,1.4588,1.5673,1.5461,,,6300942.305
2023-06-12,16.9617,16.8231,1.427,1.533,1.5124,,,6163274.658
2023-06-13,16.6994,16.5629,1.4049,1.5093,1.489,,,6067966.287
2023-06-14,16.6703,16.534,1.4024,1.5067,1.4864,,,6057376.468
2023-06-15,16.612,16.4762,1.3975,1.5014,1.4812,,,6036196.83
2023-06-16,16.9326,16.7942,1.4245,1.5304,1.5098,,,6152684.839
2023-06-19,16.8451,16.7074,1.4172,1.5225,1.502,,,6120915.382
2023-06-20,16.5828,16.4473,1.3951,1.4988,1.4786,,,6025607.011
2023-06-21,16.5537,16.4184,1.3926,1.4962,1.476,,,6015017.192
2023-06-26,16.408,16.2739,1.3804,1.483,1.463,,,5962068.097
2023-06-27,16.9034,16.7653,1.4221,1.5278,1.5072,,,6142095.02
2023-06-28,16.6994,16.5629,1.4049,1.5093,1.489,,,6067966.287
2023-06-29,16.8743,16.7363,1.4196,1.5251,1.5046,,,6131505.201
2023-06-30,16.9034,16.7653,1.4221,1.5278,1.5072,,,6142095.02
2023-07-03,17.3697,17.2277,1.4613,1.5699,1.5487,,,6311532.124
2023-07-04,17.0783,16.9387,1.4368,1.5436,1.5227,,,6205633.934
2023-07-05,17.1074,16.9676,1.4392,1.5462,1.5253,,,6216223.753
2023-07-06,17.1949,17.0543,1.4466,1.5541,1.5331,,,6247993.21
2023-07-07,17.428,17.2856,1.4662,1.5752,1.5539,,,6332711.762
2023-07-10,17.2531,17.1121,1.4515,1.5594,1.5383,,,6269172.848
2023-07-11,17.224,17.0832,1.449,1.5567,1.5357,,,6258583.029
2023-07-12,17.0783,16.9387,1.4368,1.5436,1.5227,,,6205633.934
2023-07-13,17.1366,16.9965,1.4417,1.5488,1.5279,,,6226813.572
2023-07-14,17.1366,16.9965,1.4417,1.5488,1.5279,,,6226813.572
2023-07-17,17.2531,17.1121,1.4515,1.5594,1.5383,,,6269172.848
2023-07-18,17.5737,17.4301,1.4784,1.5883,1.5669,,,6385660.857
2023-07-19,17.6029,17.459,1.4809,1.591,1.5695,,,6396250.676
2023-07-20,17.1657,17.0254,1.5069,1.5515,1.5305,,,6237403.391
2023-07-21,17.1074,16.9676,1.5018,1.5462,1.5253,,,6216223.753
2023-07-24,17.0783,16.9387,1.4993,1.5436,1.5227,,,6205633.934
2023-07-25,17.3697,17.2277,1.5248,1.5699,1.5487,,,6311532.124
2023-07-26,17.1074,16.9676,1.5018,1.5462,1.5253,,,6216223.753
2023-07-27,17.0491,16.9098,1.4967,1.5409,1.5202,,,6195044.115
2023-07-28,17.3114,17.1699,1.5197,1.5646,1.5435,,,6290352.486
2023-07-31,17.4863,17.3434,1.5351,1.5804,1.5591,,,6353891.4
2023-08-01,17.4863,17.3434,1.5351,1.5804,1.5591,,,6353891.4
2023-08-02,17.3989,17.2566,1.5274,1.5725,1.5513,,,6322121.943
2023-08-03,17.5737,17.4301,1.5428,1.5883,1.5669,,,6385660.857
2023-08-04,17.6029,17.459,1.5453,1.591,1.5695,,,6396250.676
2023-08-07,17.6029,17.459,1.5453,1.591,1.5695,,,6396250.676
2023-08-08,17.5154,17.3723,1.5376,1.5831,1.5617,,,6364481.219
2023-08-09,17.428,17.2856,1.53,1.5752,1.5539,,,6332711.762
2023-08-10,17.3697,17.2277,1.5248,1.5699,1.5487,,,6311532.124
2023-08-11,17.1366,16.9965,1.5044,1.5488,1.5279,,,6226813.572
2023-08-14,17.224,17.0832,1.512,1.5567,1.5357,,,6258583.029
2023-08-15,17.3114,17.1699,1.5197,1.5646,1.5435,,,6290352.486
2023-08-16,17.1366,16.9965,1.5044,1.5488,1.5279,,,6226813.572
2023-08-17,17.3989,17.2566,1.5274,1.5725,1.5513,,,6322121.943
2023-08-18,17.5154,17.3723,1.5376,1.5831,1.5617,,,6364481.219
2023-08-21,17.0783,16.9387,1.4993,1.5436,1.5227,,,6205633.934
2023-08-22,17.3697,17.2277,1.5248,1.5699,1.5487,,,6311532.124
2023-08-23,17.2823,17.141,1.5172,1.562,1.5409,,,6279762.667
2023-08-24,15.7085,15.5801,1.379,1.4198,1.4006,,,5707912.441
2023-08-25,15.3879,15.8694,1.3166,1.3908,1.4541,,,5591424.432
2023-08-28,15.796,16.2902,1.3515,1.4277,1.4927,,,5739681.898
2023-08-29,16.3205,16.8312,1.3964,1.4751,1.5422,,,5930298.64
2023-08-30,16.5246,17.0416,1.4139,1.4935,1.5615,,,6004427.373
2023-08-31,16.3497,16.8612,1.3989,1.4777,1.545,,,5940888.459
2023-09-01,16.6703,17.1918,1.4264,1.5067,1.5753,,,6057376.468
2023-09-04,16.5828,17.1017,1.4189,1.4988,1.567,,,6025607.011
2023-09-05,16.5246,17.0416,1.4139,1.4935,1.5615,,,6004427.373
2023-09-06,16.2331,16.741,1.3889,1.4672,1.534,,,5898529.183
2023-09-07,16.0582,16.5607,1.374,1.4514,1.5174,,,5834990.269
2023-09-08,15.8251,16.3202,1.354,1.4303,1.4954,,,5750271.717
2023-09-11,16.0291,16.5306,1.3715,1.4487,1.5147,,,5824400.45
2023-09-12,16.0,16.5006,1.369,1.4461,1.5119,,,5813810.631
2023-09-13,15.9125,16.4104,1.3615,1.4382,1.5037,,,5782041.174
2023-09-14,16.2914,16.8011,1.3939,1.4724,1.5395,,,5919708.821
2023-09-15,15.8251,16.3202,1.354,1.4303,1.4954,,,5750271.717
2023-09-18,16.0874,16.5907,1.3765,1.454,1.5202,,,5845580.088
2023-09-19,16.0,16.5006,1.369,1.4461,1.5119,,,5813810.631
2023-09-20,15.9125,16.4104,1.3615,1.4382,1.5037,,,5782041.174
2023-09-21,15.8834,16.3803,1.359,1.4356,1.5009,,,5771451.355
2023-09-22,16.1165,16.6208,1.379,1.4566,1.5229,,,5856169.907
2023-09-25,15.4462,15.9295,1.3216,1.3961,1.4596,,,5612604.07
2023-09-26,15.4171,15.8994,1.3191,1.3934,1.4569,,,5602014.251
2023-09-27,15.5337,16.0197,1.3291,1.404,1.4679,,,5644373.527
2023-09-28,15.3879,15.8694,1.3166,1.3908,1.4541,,,5591424.432
2023-10-09,15.4462,15.9295,1.3216,1.3961,1.4596,,,5612604.07
2023-10-10,14.9508,15.4186,1.2792,1.3513,1.4128,,,5432577.147
2023-10-11,14.6302,15.0879,1.2518,1.3223,1.3825,,,5316089.138
2023-10-12,14.6885,15.1481,1.2568,1.3276,1.388,,,5337268.776
2023-10-13,14.4845,14.9377,1.2393,1.3091,1.3687,,,5263140.043
2023-10-16,14.2513,14.6972,1.2194,1.2881,1.3467,,,5178421.491
2023-10-17,14.4553,14.9076,1.2368,1.3065,1.366,,,5252550.224
2023-10-18,14.2222,14.6672,1.2169,1.2854,1.3439,,,5167831.672
2023-10-19,13.989,14.4267,1.1969,1.2644,1.3219,,,5083113.12
2023-10-20,13.9599,14.3967,1.1944,1.2617,1.3192,,,5072523.301
2023-10-23,13.9016,14.3365,1.1895,1.2565,1.3136,,,5051343.663
2023-10-24,13.9016,14.3365,1.1895,1.2565,1.3136,,,5051343.663
2023-10-25,13.9308,14.3666,1.192,1.2591,1.3164,,,5061933.482
2023-10-26,14.1639,14.607,1.2119,1.2802,1.3384,,,5146652.034
2023-10-27,14.1056,14.5469,1.2069,1.2749,1.3329,,,5125472.396
2023-10-30,13.785,13.9195,1.1577,1.2459,1.3221,,,5008984.387
2023-10-31,13.6976,13.8313,1.1504,1.238,1.3138,,,4977214.93
2023-11-01,13.5519,13.6841,1.1382,1.2248,1.2998,,,4924265.835
2023-11-02,13.581,13.7135,1.1406,1.2275,1.3026,,,4934855.654
2023-11-03,13.4936,13.6253,1.1333,1.2196,1.2942,,,4903086.197
2023-11-06,13.6102,13.743,1.143,1.2301,1.3054,,,4945445.473
2023-11-07,13.5519,13.6841,1.1382,1.2248,1.2998,,,4924265.835
2023-11-08,13.5227,13.6547,1.1357,1.2222,1.297,,,4913676.016
2023-11-09,13.5227,13.6547,1.1357,1.2222,1.297,,,4913676.016
2023-11-10,13.4644,13.5958,1.1308,1.2169,1.2914,,,4892496.378
2023-11-13,13.6685,13.8018,1.1479,1.2354,1.311,,,4966625.111
2023-11-14,13.6685,13.8018,1.1479,1.2354,1.311,,,4966625.111
2023-11-15,13.7559,13.8901,1.1553,1.2433,1.3194,,,4998394.568
2023-11-16,13.6393,13.7724,1.1455,1.2327,1.3082,,,4956035.292
2023-11-17,13.6102,13.743,1.143,1.2301,1.3054,,,4945445.473
2023-11-20,13.5227,13.6547,1.1357,1.2222,1.297,,,4913676.016
2023-11-21,13.4936,13.6253,1.1333,1.2196,1.2942,,,4903086.197
2023-11-22,13.3187,13.4487,1.1186,1.2038,1.2774,,,4839547.283
2023-11-23,13.4062,13.537,1.1259,1.2117,1.2858,,,4871316.74
2023-11-24,13.3479,13.4781,1.121,1.2064,1.2802,,,4850137.102
2023-11-27,13.0856,13.2133,1.099,1.1827,1.2551,,,4754828.731
2023-11-28,13.0564,13.1838,1.0965,1.1801,1.2523,,,4744238.912
2023-11-29,12.8816,13.0073,1.0819,1.1643,1.2355,,,4680699.998
2023-11-30,12.6776,12.8013,1.0647,1.1458,1.2159,,,4606571.265
2023-12-01,12.8524,12.9778,1.0794,1.1616,1.2327,,,4670110.179
2023-12-04,12.8816,13.0073,1.0819,1.1643,1.2355,,,4680699.998
2023-12-05,12.5901,12.713,1.0574,1.1379,1.2075,,,4574801.808
2023-12-06,12.5318,12.6541,1.0525,1.1327,1.202,,,4553622.17
2023-12-07,12.5318,12.6541,1.0525,1.1327,1.202,,,4553622.17
2023-12-08,12.8816,13.0073,1.0819,1.1643,1.2355,,,4680699.998
2023-12-11,12.9107,13.0367,1.0843,1.1669,1.2383,,,4691289.817
2023-12-12,12.8524,12.9778,1.0794,1.1616,1.2327,,,4670110.179
2023-12-13,12.7067,12.8307,1.0672,1.1485,1.2187,,,4617161.084
2023-12-14,12.7359,12.8601,1.0696,1.1511,1.2215,,,4627750.903
2023-12-15,12.6484,12.7718,1.0623,1.1432,1.2131,,,4595981.446
2023-12-18,12.561,12.6836,1.0549,1.1353,1.2047,,,4564211.989
2023-12-19,12.4153,12.5364,1.0427,1.1221,1.1908,,,4511262.894
2023-12-20,12.2987,12.4187,1.0329,1.1116,1.1796,,,4468903.618
2023-12-21,12.357,12.4776,1.0378,1.1168,1.1852,,,4490083.256
2023-12-22,12.2987,12.4187,1.0329,1.1116,1.1796,,,4468903.618
2023-12-25,12.4736,12.5953,1.0476,1.1274,1.1964,,,4532442.532
2023-12-26,12.3861,12.507,1.0402,1.1195,1.188,,,4500673.075
2023-12-27,12.5901,12.713,1.0574,1.1379,1.2075,,,4574801.808
2023-12-28,12.7359,12.8601,1.0696,1.1511,1.2215,,,4627750.903
2023-12-29,12.765,12.8896,1.0721,1.1537,1.2243,,,4638340.722
2024-01-02,12.7941,12.919,1.0745,1.1564,1.2271,,,4648930.541
2024-01-03,12.8233,12.9484,1.077,1.159,1.2299,,,4659520.36
2024-01-04,12.6776,12.8013,1.0647,1.1458,1.2159,,,4606571.265
2024-01-05,12.6484,12.7718,1.0623,1.1432,1.2131,,,4595981.446
2024-01-08,12.357,12.4776,1.0378,1.1168,1.1852,,,4490083.256
2024-01-09,12.5027,12.6247,1.05,1.13,1.1992,,,4543032.351
2024-01-10,12.5027,12.6247,1.05,1.13,1.1992,,,4543032.351
2024-01-11,12.5318,12.6541,1.0525,1.1327,1.202,,,4553622.17
2024-01-12,12.7359,12.8601,1.0696,1.1511,1.2215,,,4627750.903
2024-01-15,12.7359,12.8601,1.0696,1.1511,1.2215,,,4627750.903
2024-01-16,12.8816,13.0073,1.0819,1.1643,1.2355,,,4680699.998
2024-01-17,12.6193,12.7424,1.0598,1.1406,1.2103,,,4585391.627
2024-01-18,12.3861,12.507,1.0402,1.1195,1.188,,,4500673.075
2024-01-19,12.2987,12.4187,1.0329,1.1116,1.1796,,,4468903.618
2024-01-22,11.8324,11.9479,0.9937,1.0694,1.1349,,,4299466.514
2024-01-23,11.8033,11.9184,0.9913,1.0668,1.1321,,,4288876.695
2024-01-24,12.2987,12.4187,1.0329,1.1116,1.1796,,,4468903.618
2024-01-25,13.6685,13.8018,1.1479,1.2354,1.311,,,4966625.111
2024-01-26,13.4062,13.537,1.1259,1.2117,1.2858,,,4871316.74
2024-01-29,13.7559,13.8901,1.1553,1.2433,1.3194,,,4998394.568
2024-01-30,13.4353,13.5664,1.1284,1.2143,1.2886,,,4881906.559
2024-01-31,13.5227,13.6547,1.1357,1.2222,1.297,,,4913676.016
2024-02-01,13.2022,13.331,1.1088,1.1932,1.2662,,,4797188.007
2024-02-02,13.173,13.3015,1.1063,1.1906,1.2634,,,4786598.188
2024-02-05,12.6776,12.8013,1.0647,1.1458,1.2159,,,4606571.265
2024-02-06,13.1147,13.2427,1.1014,1.1853,1.2579,,,4765418.55
2024-02-07,13.2313,13.3604,1.1112,1.1959,1.269,,,4807777.826
2024-02-08,13.4353,13.5664,1.1284,1.2143,1.2886,,,4881906.559
2024-02-19,13.4644,13.5958,1.1308,1.2169,1.2914,,,4892496.378
2024-02-20,13.3187,13.4487,1.1186,1.2038,1.2774,,,4839547.283
2024-02-21,13.4644,13.5958,1.1308,1.2169,1.2914,,,4892496.378
2024-02-22,13.5519,13.6841,1.1382,1.2248,1.2998,,,4924265.835
2024-02-23,13.4353,13.5664,1.1284,1.2143,1.2886,,,4881906.559
2024-02-26,13.9308,14.5941,1.1505,1.2591,1.3629,,,5061933.482
2024-02-27,14.0473,14.7163,1.1601,1.2696,1.3743,,,5104292.758
2024-02-28,13.8142,14.472,1.1409,1.2486,1.3515,,,5019574.206
2024-02-29,14.2222,14.8995,1.1746,1.2854,1.3915,,,5167831.672
2024-03-01,14.8342,15.5406,1.2251,1.3407,1.4513,,,5390217.871
2024-03-04,14.7468,15.449,1.2179,1.3328,1.4428,,,5358448.414
2024-03-05,15.0382,15.7543,1.242,1.3592,1.4713,,,5464346.604
2024-03-06,15.3588,16.0902,1.2684,1.3882,1.5027,,,5580834.613
2024-03-07,15.8834,16.6398,1.3118,1.4356,1.554,,,5771451.355
2024-03-08,16.3205,17.0977,1.3479,1.4751,1.5967,,,5930298.64
2024-03-11,16.2623,17.0367,1.3431,1.4698,1.591,,,5909119.002
2024-03-12,15.4462,16.1818,1.2757,1.3961,1.5112,,,5612604.07
2024-03-13,15.0965,15.8154,1.2468,1.3644,1.477,,,5485526.242
2024-03-14,15.2422,15.9681,1.2588,1.3776,1.4912,,,5538475.337
2024-03-15,15.4171,16.1513,1.2733,1.3934,1.5084,,,5602014.251
2024-03-18,15.8834,16.6398,1.3118,1.4356,1.554,,,5771451.355
2024-03-19,15.7377,16.4871,1.2997,1.4224,1.5397,,,5718502.26
2024-03-20,15.5919,16.3344,1.2877,1.4092,1.5255,,,5665553.165
2024-03-21,15.3297,16.0597,1.266,1.3855,1.4998,,,5570244.794
2024-03-22,15.3005,16.0291,1.2636,1.3829,1.4969,,,5559654.975
2024-03-25,15.1839,15.907,1.254,1.3724,1.4855,,,5517295.699
2024-03-26,15.5045,16.2429,1.2805,1.4013,1.5169,,,5633783.708
2024-03-27,16.6887,16.6887,1.3185,1.5683,1.5683,,,5803220.812
2024-03-28,16.7192,16.7192,1.3209,1.5712,1.5712,,,5813810.631
2024-03-29,17.1456,17.1456,1.3546,1.6113,1.6113,,,5962068.097
2024-04-01,17.176,17.176,1.357,1.6141,1.6141,,,5972657.916
2024-04-02,16.9628,16.9628,1.3401,1.5941,1.5941,,,5898529.183
2024-04-03,16.9324,16.9324,1.3377,1.5912,1.5912,,,5887939.364
2024-04-08,16.6583,16.6583,1.3161,1.5655,1.5655,,,5792630.993
2024-04-09,16.6278,16.6278,1.3136,1.5626,1.5626,,,5782041.174
2024-04-10,16.6278,16.6278,1.3136,1.5626,1.5626,,,5782041.174
2024-04-11,17.2978,17.2978,1.3666,1.6256,1.6256,,,6015017.192
2024-04-12,17.6328,17.6328,1.393,1.6571,1.6571,,,6131505.201
2024-04-15,18.3028,18.3028,1.446,1.72,1.72,,,6364481.219
2024-04-16,18.0287,18.0287,1.4243,1.6943,1.6943,,,6269172.848
2024-04-17,18.3028,18.3028,1.446,1.72,1.72,,,6364481.219
2024-04-18,18.0896,18.0896,1.4291,1.7,1.7,,,6290352.486
2024-04-19,18.4855,18.4855,1.4604,1.7372,1.7372,,,6428020.133
2024-04-22,17.8155,17.8155,1.4075,1.6742,1.6742,,,6195044.115
2024-04-23,17.4501,17.4501,1.3786,1.6399,1.6399,,,6067966.287
2024-04-24,17.511,17.511,1.3834,1.6456,1.6456,,,6089145.925
2024-04-25,17.2978,17.2978,1.3666,1.6256,1.6256,,,6015017.192
2024-04-26,16.9324,16.9324,1.3377,1.5912,1.5912,,,5887939.364
2024-04-29,16.5974,16.9556,1.2923,1.5598,1.6022,,,5771451.355
2024-04-30,16.4451,16.8001,1.2804,1.5454,1.5875,,,5718502.26
2024-05-06,17.511,17.889,1.3634,1.6456,1.6904,,,6089145.925
2024-05-07,17.176,17.5467,1.3373,1.6141,1.6581,,,5972657.916
2024-05-08,16.9933,17.3601,1.3231,1.597,1.6405,,,5909119.002
2024-05-09,17.6937,18.0756,1.3776,1.6628,1.7081,,,6152684.839
2024-05-10,17.6633,18.0445,1.3753,1.6599,1.7051,,,6142095.02
2024-05-13,18.1505,18.5423,1.4132,1.7057,1.7522,,,6311532.124
2024-05-14,17.7546,18.1379,1.3824,1.6685,1.714,,,6173864.477
2024-05-15,17.4805,17.8579,1.361,1.6428,1.6875,,,6078556.106
2024-05-16,17.4805,17.8579,1.361,1.6428,1.6875,,,6078556.106
2024-05-17,18.3333,18.729,1.4274,1.7229,1.7698,,,6375071.038
2024-05-20,17.7851,18.169,1.3847,1.6714,1.7169,,,6184454.296
2024-05-21,17.9069,18.2934,1.3942,1.6828,1.7287,,,6226813.572
2024-05-22,17.3587,17.7334,1.3515,1.6313,1.6757,,,6036196.83
2024-05-23,16.9324,17.2979,1.3183,1.5912,1.6346,,,5887939.364
2024-05-24,17.1151,17.4845,1.3326,1.6084,1.6522,,,5951478.278
2024-05-27,17.3283,17.7023,1.3492,1.6284,1.6728,,,6025607.011
2024-05-28,17.0237,17.3912,1.3255,1.5998,1.6434,,,5919708.821
2024-05-29,16.7801,17.1423,1.3065,1.5769,1.6199,,,5834990.269
2024-05-30,16.5365,16.8934,1.2875,1.554,1.5964,,,5750271.717
2024-05-31,16.7192,17.0801,1.3017,1.5712,1.614,,,5813810.631
2024-06-03,17.9069,18.2934,1.3942,1.6828,1.7287,,,6226813.572
2024-06-04,17.9374,18.3245,1.3966,1.6857,1.7316,,,6237403.391
2024-06-05,17.8764,18.2623,1.3918,1.68,1.7257,,,6216223.753
2024-06-06,17.846,18.2312,1.3895,1.6771,1.7228,,,6205633.934
2024-06-07,18.181,18.5734,1.4156,1.7086,1.7551,,,6322121.943
2024-06-11,17.9069,18.2934,1.3942,1.6828,1.7287,,,6226813.572
2024-06-12,18.181,18.5734,1.4156,1.7086,1.7551,,,6322121.943
2024-06-13,18.181,18.5734,1.4156,1.7086,1.7551,,,6322121.943
2024-06-14,17.4805,17.8579,1.361,1.6428,1.6875,,,6078556.106
2024-06-17,17.0237,17.3912,1.3255,1.5998,1.6434,,,5919708.821
2024-06-18,17.3283,17.7023,1.3492,1.6284,1.6728,,,6025607.011
2024-06-19,17.3283,17.7023,1.3492,1.6284,1.6728,,,6025607.011
2024-06-20,17.5415,17.9201,1.3658,1.6485,1.6934,,,6099735.744
2024-06-21,17.7851,18.169,1.3847,1.6714,1.7169,,,6184454.296
2024-06-24,17.4501,17.8267,1.3587,1.6399,1.6846,,,6067966.287
2024-06-25,17.511,17.889,1.3634,1.6456,1.6904,,,6089145.925
2024-06-26,17.7546,18.1379,1.3824,1.6685,1.714,,,6173864.477
2024-06-27,17.6328,18.0134,1.3729,1.6571,1.7022,,,6131505.201
2024-06-28,18.2723,18.6668,1.4227,1.7172,1.7639,,,6353891.4
2024-07-01,18.3942,18.7912,1.4322,1.7286,1.7757,,,6396250.676
2024-07-02,18.3333,18.729,1.4274,1.7229,1.7698,,,6375071.038
2024-07-03,18.2723,18.6668,1.4227,1.7172,1.7639,,,6353891.4
2024-07-04,18.0592,18.449,1.4061,1.6971,1.7434,,,6279762.667
2024-07-05,17.8764,18.2623,1.3918,1.68,1.7257,,,6216223.753
2024-07-08,18.4551,18.8534,1.4369,1.7343,1.7816,,,6417430.314
2024-07-09,19.3382,19.7556,1.5057,1.8173,1.8668,,,6724535.065
2024-07-10,19.0337,19.4445,1.482,1.7887,1.8374,,,6618636.875
2024-07-11,19.6428,20.0668,1.5294,1.846,1.8962,,,6830433.255
2024-07-12,18.851,19.2579,1.4677,1.7715,1.8198,,,6555097.961
2024-07-15,18.8814,19.289,1.4701,1.7744,1.8227,,,6565687.78
2024-07-16,18.7292,19.1334,1.4582,1.7601,1.808,,,6512738.685
2024-07-17,18.6073,19.009,1.4488,1.7486,1.7963,,,6470379.409
2024-07-18,19.186,19.6001,1.4938,1.803,1.8521,,,6671585.97
2024-07-19,19.0641,19.4756,1.4843,1.7916,1.8404,,,6629226.694
2024-07-22,18.9119,19.3201,1.4725,1.7773,1.8257,,,6576277.599
2024-07-23,18.6073,19.009,1.4488,1.7486,1.7963,,,6470379.409
2024-07-24,18.8205,19.2268,1.4654,1.7687,1.8169,,,6544508.142
2024-07-25,18.3942,18.7912,1.4322,1.7286,1.7757,,,6396250.676
2024-07-26,18.0592,18.449,1.4651,1.6971,1.7434,,,6279762.667
2024-07-29,18.181,18.5734,1.475,1.7086,1.7551,,,6322121.943
2024-07-30,17.7242,18.1067,1.438,1.6656,1.711,,,6163274.658
2024-07-31,17.8155,18.2001,1.4454,1.6742,1.7198,,,6195044.115
2024-08-01,18.181,18.5734,1.475,1.7086,1.7551,,,6322121.943
2024-08-02,18.0896,18.4801,1.4676,1.7,1.7463,,,6290352.486
2024-08-05,17.9678,18.3556,1.4577,1.6885,1.7345,,,6247993.21
2024-08-06,17.8155,18.2001,1.4454,1.6742,1.7198,,,6195044.115
2024-08-07,17.4501,17.8267,1.4157,1.6399,1.6846,,,6067966.287
2024-08-08,17.6024,17.9823,1.4281,1.6542,1.6993,,,6120915.382
2024-08-09,17.6633,18.0445,1.433,1.6599,1.7051,,,6142095.02
2024-08-12,17.2369,17.609,1.3984,1.6199,1.664,,,5993837.554
2024-08-13,17.511,17.889,1.4207,1.6456,1.6904,,,6089145.925
2024-08-14,17.2674,17.6401,1.4009,1.6227,1.6669,,,6004427.373
2024-08-15,17.6633,18.0445,1.433,1.6599,1.7051,,,6142095.02
2024-08-16,17.6328,18.0134,1.4305,1.6571,1.7022,,,6131505.201
2024-08-19,18.181,18.5734,1.475,1.7086,1.7551,,,6322121.943
2024-08-20,18.0287,18.4179,1.4627,1.6943,1.7404,,,6269172.848
2024-08-21,17.6937,18.0756,1.4355,1.6628,1.7081,,,6152684.839
2024-08-22,17.846,18.2312,1.4478,1.6771,1.7228,,,6205633.934
2024-08-23,17.9374,18.3245,1.4553,1.6857,1.7316,,,6237403.391
2024-08-26,16.7497,17.1112,1.3589,1.5741,1.6169,,,5824400.45
2024-08-27,16.2015,16.5512,1.3144,1.5226,1.564,,,5633783.708
2024-08-28,16.0492,16.3956,1.3021,1.5082,1.5493,,,5580834.613
2024-08-29,15.6533,16.7351,1.2425,1.471,1.5723,,,5443166.966
2024-08-30,15.836,16.9305,1.257,1.4882,1.5906,,,5506705.88
2024-09-02,15.1965,16.2467,1.2062,1.4281,1.5264,,,5284319.681
2024-09-03,15.4097,16.4746,1.2232,1.4481,1.5478,,,5358448.414
2024-09-04,15.4706,16.5398,1.228,1.4539,1.5539,,,5379628.052
2024-09-05,15.4706,16.5398,1.228,1.4539,1.5539,,,5379628.052
2024-09-06,15.227,16.2793,1.2087,1.431,1.5295,,,5294909.5
2024-09-09,14.9833,16.0188,1.1893,1.4081,1.505,,,5210190.948
2024-09-10,14.9529,15.9863,1.1869,1.4052,1.5019,,,5199601.129
2024-09-11,14.7092,15.7258,1.1676,1.3823,1.4775,,,5114882.577
2024-09-12,14.8615,15.8886,1.1797,1.3966,1.4928,,,5167831.672
2024-09-13,14.9529,15.9863,1.1869,1.4052,1.5019,,,5199601.129
2024-09-18,14.3438,15.3351,1.1386,1.348,1.4407,,,4987804.749
2024-09-19,14.7701,15.7909,1.1724,1.388,1.4836,,,5136062.215
2024-09-20,14.6788,15.6932,1.1652,1.3795,1.4744,,,5104292.758
2024-09-23,14.7397,15.7584,1.17,1.3852,1.4805,,,5125472.396
2024-09-24,15.4401,16.5072,1.2256,1.451,1.5509,,,5369038.233
2024-09-25,15.8969,16.9956,1.2618,1.4939,1.5968,,,5527885.518
2024-09-26,16.2319,17.3537,1.2884,1.5254,1.6304,,,5644373.527
2024-09-27,16.5669,17.7119,1.315,1.5569,1.664,,,5760861.536
2024-09-30,19.1555,20.4793,1.5205,1.8002,1.9241,,,6660996.151
2024-10-08,21.7136,23.2143,1.7236,2.0406,2.181,,,7550540.947
2024-10-09,19.7341,21.098,1.5664,1.8545,1.9822,,,6862202.712
2024-10-10,20.3128,21.7166,1.6124,1.9089,2.0403,,,7063409.273
2024-10-11,19.5819,20.9352,1.5543,1.8402,1.9669,,,6809253.617
2024-10-14,19.7646,21.1305,1.5688,1.8574,1.9852,,,6872792.531
2024-10-15,19.3991,20.7398,1.5398,1.8231,1.9485,,,6745714.703
2024-10-16,19.3078,20.6421,1.5326,1.8145,1.9394,,,6713945.246
2024-10-17,18.9119,20.2189,1.5012,1.7773,1.8996,,,6576277.599
2024-10-18,19.6428,21.0003,1.5592,1.846,1.973,,,6830433.255
2024-10-21,19.6732,21.0328,1.5616,1.8488,1.9761,,,6841023.074
2024-10-22,19.1251,20.4468,1.5181,1.7973,1.921,,,6650406.332
2024-10-23,19.2469,20.577,1.5277,1.8087,1.9332,,,6692765.608
2024-10-24,19.0641,20.3817,1.5132,1.7916,1.9149,,,6629226.694
2024-10-25,18.9728,20.284,1.506,1.783,1.9057,,,6597457.237
2024-10-28,19.2469,20.4682,1.5008,1.8087,2.0165,,,6692765.608
2024-10-29,19.0032,20.2091,1.4818,1.7859,1.991,,,6608047.056
2024-10-30,19.0032,20.2091,1.4818,1.7859,1.991,,,6608047.056
2024-10-31,19.0946,20.3062,1.489,1.7944,2.0006,,,6639816.513
2024-11-01,18.9423,20.1443,1.4771,1.7801,1.9846,,,6586867.418
